Index,twitter_handle,prof_img_url
1,Ladaktusson, http://pbs.twimg.com/profile_images/714442598769885184/HBZ9wcQY_200x200.jpg
2,Isa_Adinolfi, http://pbs.twimg.com/profile_images/805739377590673408/IpdZNFP6_200x200.jpg
3,marcoaffronte, http://pbs.twimg.com/profile_images/772485195865923585/2O6bzDs__200x200.jpg
4,AgeaLaura, http://pbs.twimg.com/profile_images/656231079553142784/BJozZSED_200x200.jpg
5,ClaraAguilera7, http://pbs.twimg.com/profile_images/715901136864210944/KyNYCK9a_200x200.jpg
6,DanielaAiuto, http://pbs.twimg.com/profile_images/830040150986149894/Gpp5KXxt_200x200.jpg
7,Tim_Aker, http://pbs.twimg.com/profile_images/519824993434083329/jHnhFRD6_200x200.jpeg
8,MarinaAlbiol, http://pbs.twimg.com/profile_images/784398448623747072/nEmGbHPn_200x200.jpg
9,JanAlbrecht, http://pbs.twimg.com/profile_images/845201729268301824/HnFRke5N_200x200.jpg
10,louis_aliot, http://pbs.twimg.com/profile_images/747361883695480832/rz64j-mu_200x200.jpg
11,MAlliotMarie, http://pbs.twimg.com/profile_images/806928979961769984/Pshb3USX_200x200.jpg
12,LucyAndersonMEP, http://pbs.twimg.com/profile_images/504309485112815616/ykMTYMZS_200x200.jpeg
13,M_AndersonSF, http://pbs.twimg.com/profile_images/845335812996763650/IaR97cyD_200x200.jpg
14,MaxAndersson, http://pbs.twimg.com/profile_images/456516747210682368/WIccXwGD_200x200.png
15,EricAndrieuEU, http://pbs.twimg.com/profile_images/826778317164527616/MzHD20pA_200x200.jpg
16,Andrikiene, http://pbs.twimg.com/profile_images/499270939062697984/WQ5BNRYp_200x200.jpeg
17,androulakisnick, http://pbs.twimg.com/profile_images/735115673093832704/ptz4ua9U_200x200.jpg
18,gannemans, http://pbs.twimg.com/profile_images/766011104279527424/xkeowWT7_200x200.jpg
19,Mariearenaps, http://pbs.twimg.com/profile_images/563353197712908288/bb7JPkLo_200x200.jpeg
20,MCArnautu, http://pbs.twimg.com/profile_images/667334138731634688/VAPzgh_B_200x200.jpg
21,JonathanArnott, http://pbs.twimg.com/profile_images/801064674246688768/GQZsFaVl_200x200.jpg
22,JeanArthuis, http://pbs.twimg.com/profile_images/803246807694372864/pbLfkfss_200x200.jpg
23,RichardAshMEP, http://pbs.twimg.com/profile_images/733186116854124544/rh0XvHl7_200x200.jpg
24,Janice4Brexit, http://pbs.twimg.com/profile_images/819535279539257345/VteN4Swr_200x200.jpg
25,MargreteAuken, http://pbs.twimg.com/profile_images/378800000505811294/265f67984354d969f85e2134ee84698f_200x200.jpeg
26,petras_petras, http://pbs.twimg.com/profile_images/412673659992428545/Khd7fs_1_200x200.jpeg
27,IAyalaSender, http://pbs.twimg.com/profile_images/851189469923430401/8iog_HYn_200x200.jpg
28,ayuso_pilar, http://pbs.twimg.com/profile_images/517810668083613696/miSB8UDN_200x200.jpeg
29,BalasGuillaume , http://pbs.twimg.com/profile_images/471924142791745536/cq2_05C8_200x200.jpeg
30,balcytis, http://pbs.twimg.com/profile_images/150316374/XI-100-S20090105-001_200x200.jpg
31,NBarekov, http://pbs.twimg.com/profile_images/697385788326203392/r4KN4LeZ_200x200.jpg
32,AmjadBashirMEP, http://pbs.twimg.com/profile_images/807577459113787393/7qJton-Y_200x200.jpg
33,GerardBattenMEP, http://pbs.twimg.com/profile_images/616183914319753216/2S38oWJs_200x200.jpg
34,nicolasbayfn, http://pbs.twimg.com/profile_images/776430875512827904/P2Im--lm_200x200.jpg
35,HuguesBayet, http://pbs.twimg.com/profile_images/846379199917166592/83um01bR_200x200.jpg
36,catherinemep, http://pbs.twimg.com/profile_images/779037375238381569/kbYF7o6Z_200x200.jpg
37,beatrizbecerrab, http://pbs.twimg.com/profile_images/803523236436856833/kuv8dIVn_200x200.jpg
38,beghin_t, http://pbs.twimg.com/profile_images/522317524222763008/GGgKNTeD_200x200.png
39,BasBelderMEP, http://pbs.twimg.com/profile_images/466831885818028032/-TthxAki_200x200.png
40,IvoBelet, http://pbs.twimg.com/profile_images/845301681189519361/Vue5k5sC_200x200.jpg
41,BendtEU, http://pbs.twimg.com/profile_images/468714055100665856/UwOc_U8y_200x200.jpeg
42,brandobenifei, http://pbs.twimg.com/profile_images/540580094797185026/ANp9-wty_200x200.jpeg
43,xabierbenito, http://pbs.twimg.com/profile_images/785454787957522432/elraz2lB_200x200.jpg
44,PervencheBeres, http://pbs.twimg.com/profile_images/737954651530792960/9G6OvD00_200x200.jpg
45,Jbergeronmep, http://pbs.twimg.com/profile_images/775691446871592960/ptNFah5m_200x200.jpg
46,GoffredoBettini, http://pbs.twimg.com/profile_images/534403896790114305/uYvUVyxB_200x200.jpeg
47,IzaskunBilbaoB, http://pbs.twimg.com/profile_images/666320563829350400/vmpYsk7y_200x200.jpg
48,DominiqueBilde, http://pbs.twimg.com/profile_images/755795501635764224/eRKZWDdA_200x200.jpg
49,MalinBjork_EU, http://pbs.twimg.com/profile_images/776023545860198400/VXwr08Qe_200x200.jpg
50,pepeblancoEP, http://pbs.twimg.com/profile_images/560066762297712640/QVm-PKHP_200x200.jpeg
51,Franc_Bogovic, http://pbs.twimg.com/profile_images/539109147245953025/YmnQPhHj_200x200.jpeg
52,simonabonafe, http://pbs.twimg.com/profile_images/841713908725477380/qDzCkruO_200x200.jpg
53,MichalBoni, http://pbs.twimg.com/profile_images/845194223305469952/xCAi7BDY_200x200.jpg
54,borrellidavid, http://pbs.twimg.com/profile_images/823963423885107200/JwMHXcbI_200x200.jpg
55,BiljanaBorzan, http://pbs.twimg.com/profile_images/608941891321761792/vTuHjSaA_200x200.jpg
56,VictorBostinaru, http://pbs.twimg.com/profile_images/532930977593438209/EkY5kXHU_200x200.jpeg
57,josebove, http://pbs.twimg.com/profile_images/722328178828668928/veJoH17r_200x200.jpg
58,LNBDublin, http://pbs.twimg.com/profile_images/852070405619810304/VVfOZ-0I_200x200.jpg
59,PaulBrannenNE, http://pbs.twimg.com/profile_images/750707595372027905/tfowMKcj_200x200.jpg
60,mercedesbresso, http://pbs.twimg.com/profile_images/845212109159981056/2aQFUGTu_200x200.jpg
61,renatabriano, http://pbs.twimg.com/profile_images/809322986679443456/5DV6Q4wl_200x200.jpg
62,SteeveBriois, http://pbs.twimg.com/profile_images/715814066263093248/qC9uJq2n_200x200.jpg
63,ElmarBrok_MEP, http://pbs.twimg.com/profile_images/531740944907788288/qxg4AUY1_200x200.jpeg
64,Dr_KlausBuchner, http://pbs.twimg.com/profile_images/519762024578822144/-K-DNu2r_200x200.jpeg
65,MEPDanielBuda, http://pbs.twimg.com/profile_images/649564983320178689/7b2PJhk-_200x200.jpg
66,UdoBullmann, http://pbs.twimg.com/profile_images/461168445434781696/oO24jAPh_200x200.jpeg
67,bueti, http://pbs.twimg.com/profile_images/448209649976606720/wjh-akYR_200x200.jpeg
68,JerzyBuzek, http://pbs.twimg.com/profile_images/514007835126939650/AbB4Og_0_200x200.jpeg
69,SoledadCabezon, http://pbs.twimg.com/profile_images/729693045789184000/x21sfKVa_200x200.jpg
70,AlainCadec, http://pbs.twimg.com/profile_images/797067569287090176/DTwdCRuf_200x200.jpg
71,EnriqueCalvet, http://pbs.twimg.com/profile_images/830023364890746880/8nT_5LYU_200x200.jpg
72,WimvandeCamp, http://pbs.twimg.com/profile_images/572342694812491776/YOp7gGmT_200x200.jpeg
73,DCBMEP, http://pbs.twimg.com/profile_images/3216419961/c7bd43731cbae7e5d0ceb695e92d8b4b_200x200.jpeg
74,NicolaCaputo, http://pbs.twimg.com/profile_images/806026473257766912/ykHdWBr9_200x200.jpg
75,mattcarthy, http://pbs.twimg.com/profile_images/675325520201064448/5zqZKe4j_200x200.jpg
76,JamesJimCarver, http://pbs.twimg.com/profile_images/822914703445946368/bCMbsoyb_200x200.jpg
77,DavidCasaMEP, http://pbs.twimg.com/profile_images/719830982157811712/6deGQ7L9_200x200.jpg
78,caspary, http://pbs.twimg.com/profile_images/823520495979073536/1DzsmIrD_200x200.jpg
79,FMCastaldo, http://pbs.twimg.com/profile_images/506487038917373954/EIZ1Vq7m_200x200.jpeg
80,delcastillop, http://pbs.twimg.com/profile_images/580442384/Foto_Twitter_200x200.jpg
81,JeanMarieCAVADA, http://pbs.twimg.com/profile_images/732969240224010241/7JPkJ4ey_200x200.jpg
82,L_Cesa, http://pbs.twimg.com/profile_images/806879055429730304/Gr9kHNNF_200x200.jpg
83,charanzova, http://pbs.twimg.com/profile_images/796313629884817409/XjXOO8NN_200x200.jpg
84,a_chauprade, http://pbs.twimg.com/profile_images/791529173265317888/ZdmSUgrq_200x200.jpg
85,NChildersMEP, http://pbs.twimg.com/profile_images/717009350171078658/NDisHgn2_200x200.jpg
86,CaterinaChinnic, http://pbs.twimg.com/profile_images/464106796878426112/RIR_TNN0_200x200.jpeg
87,NikosChountis, http://pbs.twimg.com/profile_images/467015238533906432/A-yQZgP2_200x200.jpeg
88,OleEU, http://pbs.twimg.com/profile_images/378800000739236208/37de027e55da4e8f43d420e33ef99942_200x200.jpeg
89,LefChristoforou, http://pbs.twimg.com/profile_images/728224171864383489/_oMVsSH6_200x200.jpg
90,Chrysogonos_K, http://pbs.twimg.com/profile_images/519903491586682880/3vyS15sH_200x200.jpeg
91,SalvoCicu, http://pbs.twimg.com/profile_images/2386020263/image_200x200.jpg
92,AngeloCiocca, http://pbs.twimg.com/profile_images/785716738285531136/CSW8Bvgc_200x200.jpg
93,Alberto_Cirio, http://pbs.twimg.com/profile_images/667671748716834816/retgC4-__200x200.jpg
94,DeirdreCluneMEP, http://pbs.twimg.com/profile_images/825332349898469376/jKivYdF__200x200.jpg
95,DavidCoburnUKip, http://pbs.twimg.com/profile_images/598556465029328896/8lOGgAMx_200x200.jpg
96,CarlosCoelhoPE, http://pbs.twimg.com/profile_images/791288382571905024/ZnnMlxxa_200x200.jpg
97,Cofferati, http://pbs.twimg.com/profile_images/557245040645263360/MkQ824ZK_200x200.jpeg
98,Jane_CollinsMEP, http://pbs.twimg.com/profile_images/805802285368541184/ssa42Xyy_200x200.jpg
99,comilara, http://pbs.twimg.com/profile_images/837315633952014336/WVe6KKUg_200x200.jpg
100,ComodiniCachia, http://pbs.twimg.com/profile_images/521588134920736770/rIPF7gSe_200x200.jpeg
101,AnnaMariaCB, http://pbs.twimg.com/profile_images/837297280738816000/YyjSFrcL_200x200.jpg
102,RCorbettMEP, http://pbs.twimg.com/profile_images/674183055880273920/a9jrzC6o_200x200.png
103,ignaziocorrao, http://pbs.twimg.com/profile_images/781901110353231872/rb2CUN1L_200x200.jpg
104,SilviaCostaEU, http://pbs.twimg.com/profile_images/455722303267954688/vCQ3PPn3_200x200.jpeg
105,Caninator, http://pbs.twimg.com/profile_images/823833503519358977/GAmmV958_200x200.jpg
106,cozzolino62, http://pbs.twimg.com/profile_images/775985318524837888/Z07IE6GV_200x200.jpg
107,MepMCramer, http://pbs.twimg.com/profile_images/518028989336543232/Bn9GwA2m_200x200.jpeg
108,andicristeamep, http://pbs.twimg.com/profile_images/524275468229308418/0IQ0g-o7_200x200.jpeg
109,csakypal, http://pbs.twimg.com/profile_images/421244392179912705/TX2gSWp-_200x200.jpeg
110,r_czarnecki, http://pbs.twimg.com/profile_images/664049545148502016/N9JQ5WuL_200x200.jpg
111,petervdalen, http://pbs.twimg.com/profile_images/717335108504555520/jGBvqq6H_200x200.jpg
112,Miriamdalli, http://pbs.twimg.com/profile_images/831971289892012033/RGC5zASO_200x200.jpg
113,ddalton40, http://pbs.twimg.com/profile_images/569877844742774784/AfnM2ku4_200x200.jpeg
114,JakopDalunde, http://pbs.twimg.com/profile_images/800640058252525568/OTE1B8_N_200x200.jpg
115,rosadamato634, http://pbs.twimg.com/profile_images/847380121522651140/Q5RXPOTx_200x200.jpg
116,SebDance, http://pbs.twimg.com/profile_images/762557647786745856/KDr4IAkz_200x200.jpg
117,VioricaDancila, http://pbs.twimg.com/profile_images/554637038935224320/nhAwuS20_200x200.jpeg
118,ArnaudDanjean, http://pbs.twimg.com/profile_images/1698849326/Capture_d__cran_2011-12-17___21.37.16_200x200.png
119,DantiNicola, http://pbs.twimg.com/profile_images/805757561584709632/qvKBMnDC_200x200.jpg
120,MichelDANTIN, http://pbs.twimg.com/profile_images/856468193472282626/7Cg8NDTE_200x200.jpg
121,datirachida, http://pbs.twimg.com/profile_images/1705548276/image_200x200.jpg
122,paolodecastro, http://pbs.twimg.com/profile_images/805707066899828736/yQlUMjZi_200x200.jpg
123,Delahaye_Europe, http://pbs.twimg.com/profile_images/754766069760483328/RDLedOPT_200x200.jpg
124,AndorDeli, http://pbs.twimg.com/profile_images/686848825739325440/ii53kfi9_200x200.jpg
125,KarimaDelli, http://pbs.twimg.com/profile_images/800120190818283521/hN73ZHLl_200x200.jpg
126,mady_delvaux, http://pbs.twimg.com/profile_images/773873676391505920/cZaQhmWx_200x200.jpg
127,FabioDeMasi, http://pbs.twimg.com/profile_images/835988551154221057/js6M_Oee_200x200.jpg
128,markdemesmaeker, http://pbs.twimg.com/profile_images/3573383128/782592c3091cb8da6c347072f4d2e55f_200x200.jpeg
129,IsabellaDeMonte, http://pbs.twimg.com/profile_images/809808999281475584/MyR2wpb6_200x200.jpg
130,jpdenanot, http://pbs.twimg.com/profile_images/489484633420345344/ZY0m8kqm_200x200.jpeg
131,gerardeprez, http://pbs.twimg.com/profile_images/664403863584178178/5Zxgp6Db_200x200.jpg
132,desarnez, http://pbs.twimg.com/profile_images/450857862562979841/0AjfPKSB_200x200.jpeg
133,dajcstomi, http://pbs.twimg.com/profile_images/2694722392/e1f19dcbdac1482ce0f59404e72b6911_200x200.jpeg
134,NirjDeva, http://pbs.twimg.com/profile_images/2432726373/xob1fenr92r2dtyldk7s_200x200.jpeg
135,M_DiaconuMEP, http://pbs.twimg.com/profile_images/658983031177400324/6cKvYni6_200x200.png
136,Mdlabajova, http://pbs.twimg.com/profile_images/492640348942778368/_QgMdN8a_200x200.jpeg
137,AnnelieseDodds, http://pbs.twimg.com/profile_images/836160998029545472/A6MIR6zN_200x200.jpg
138,DianeDoddsMEP, http://pbs.twimg.com/profile_images/799331998296920064/UyOD6G6G_200x200.jpg
139,MEPDohrmann, http://pbs.twimg.com/profile_images/542626926800543745/YDaC-Cna_200x200.jpeg
140,HerbertDorfmann, http://pbs.twimg.com/profile_images/668804269059891200/EHx4QvjX_200x200.jpg
141,MireilledOrnano, http://pbs.twimg.com/profile_images/737181667975147520/3_7ymb_R_200x200.jpg
142,damiandraghici, http://pbs.twimg.com/profile_images/843744633490477058/Pr6Lu7qk_200x200.jpg
143,IanDuncanMEP, http://pbs.twimg.com/profile_images/446740114287243265/2nSOyTLU_200x200.jpeg
144,PDurandOfficiel, http://pbs.twimg.com/profile_images/431829668564463616/zoXaGnZO_200x200.jpeg
145,Stefan_Eck_MEP, http://pbs.twimg.com/profile_images/786575061109137409/42haQFNT_200x200.jpg
146,BasEickhout, http://pbs.twimg.com/profile_images/770451823/bas-twitter_200x200.jpg
147,LinneaEngstrom, http://pbs.twimg.com/profile_images/574846072377380864/KbHyCObR_200x200.jpeg
148,EpitidGeorgios, http://pbs.twimg.com/profile_images/800444291709632513/Eg9Flowj_200x200.jpg
149,ErnstCornelia, http://pbs.twimg.com/profile_images/3320515269/3e26c73e528b8a975523f6eb4d125120_200x200.jpeg
150,IsmailErtug, http://pbs.twimg.com/profile_images/453901898433585152/GuA8-mqk_200x200.jpeg
151,JillEvansMEP, http://pbs.twimg.com/profile_images/709772956600242176/bi7Tt99O_200x200.jpg
152,EleonoraEvi, http://pbs.twimg.com/profile_images/701126716157251585/FWXbrBHD_200x200.jpg
153,tfajon, http://pbs.twimg.com/profile_images/836269329402507266/bcfFHQ1t_200x200.jpg
154,Nigel_Farage, http://pbs.twimg.com/profile_images/596636528425697280/WI2D5I3N_200x200.jpg
155,JoseFariaMEP, http://pbs.twimg.com/profile_images/657154840670380032/Y_rqrtqT_200x200.jpg
156,federley, http://pbs.twimg.com/profile_images/648576219873738754/PZ6vC-sh_200x200.jpg
157,MarkusFerber, http://pbs.twimg.com/profile_images/378800000571948558/05d81d8965f59da4c542417d942c9718_200x200.jpeg
158,JMFernandesEU, http://pbs.twimg.com/profile_images/515426688369299456/XbWmRSg6_200x200.jpeg
159,jonasfernandez, http://pbs.twimg.com/profile_images/640489227961126912/KZuITGv9_200x200.jpg
160,e_ferrand, http://pbs.twimg.com/profile_images/845021257443786753/DgiiHn2p_200x200.jpg
161,LFerraraM5S, http://pbs.twimg.com/profile_images/771325810510798848/4rWrFGgE_200x200.jpg
162,SantiagoFisas, http://pbs.twimg.com/profile_images/2388348541/re6i9gz0py3r40w0b36i_200x200.jpeg
163,RaffaeleFitto, http://pbs.twimg.com/profile_images/713867557388861441/5NTcqYqQ_200x200.jpg
164,Fjellner, http://pbs.twimg.com/profile_images/795612986547273729/jYuxL0Ac_200x200.jpg
165,lukeming, http://pbs.twimg.com/profile_images/850033749865771009/eiZiGtbg_200x200.jpg
166,MonikaFlaBenova, http://pbs.twimg.com/profile_images/3538229833/19cf02133ae188cd9c26a7264a2a05d8_200x200.jpeg
167,knufleckenstein, http://pbs.twimg.com/profile_images/73131262/Fleckenstein_Knut_presse-thumbnail_200x200.jpg
168,Fontana3Lorenzo, http://pbs.twimg.com/profile_images/700704984875163649/gWBQ2ykQ_200x200.jpg
169,vickyford, http://pbs.twimg.com/profile_images/1531321382/Vicky_Ford_200x200.JPG
170,jfostermep, http://pbs.twimg.com/profile_images/769173140576632832/cdEllczp_200x200.jpg
171,FountoulisLampr, http://pbs.twimg.com/profile_images/666388635260878850/iEtWELwP_200x200.jpg
172,Ashleyfoxmep, http://pbs.twimg.com/profile_images/378800000174583292/26add78a34f8db4bcfc0790115d6b981_200x200.jpeg
173,EugenAFreund, http://pbs.twimg.com/profile_images/378800000418681279/9dc5e2cb67f54cc6d0ec2162b37a0d93_200x200.jpeg
174,GabrielMariya, http://pbs.twimg.com/profile_images/378800000664954171/08ff70798bd40b96be375d7ef968634d_200x200.jpeg
175,fgambus_eu, http://pbs.twimg.com/profile_images/846764362954084352/F9wfwhKp_200x200.jpg
176,IratxeGarper, http://pbs.twimg.com/profile_images/844102526962221056/GCabeKq8_200x200.jpg
177,EGardiazabal, http://pbs.twimg.com/profile_images/668380247948206081/dfb7ye-C_200x200.jpg
178,EGardini, http://pbs.twimg.com/profile_images/1622074893/n1082643232_30255794_7181385_200x200.jpg
179,enricogasbarra, http://pbs.twimg.com/profile_images/55877228/gasbarrapiccolino_200x200.jpg
180,EuropaJens, http://pbs.twimg.com/profile_images/845267158913486850/OSCCkfsr_200x200.jpg
181,elena_gentile, http://pbs.twimg.com/profile_images/631883076591845376/ca3hk4Fu_200x200.jpg
182,Gerbrandy, http://pbs.twimg.com/profile_images/481731846976180225/8qrLL8UX_200x200.jpeg
183,Arne_Gericke, http://pbs.twimg.com/profile_images/507515302850990081/-SqKS3lt_200x200.jpeg
184,lidiageringer, http://pbs.twimg.com/profile_images/831132647913091072/0xWCUSAv_200x200.jpg
185,AdamGierek, http://pbs.twimg.com/profile_images/461110526185963521/hh3sGTLl_200x200.jpeg
186,NathanGillMEP, http://pbs.twimg.com/profile_images/833115293262168064/ckxipzAu_200x200.jpg
187,NeenaGmep, http://pbs.twimg.com/profile_images/451479972742701056/g2MqQGV8_200x200.jpeg
188,gimenezbarbat, http://pbs.twimg.com/profile_images/811866170651451393/bnkWPtF__200x200.jpg
189,juliegirling, http://pbs.twimg.com/profile_images/471938699345682432/fPymb4Jt_200x200.jpeg
190,m_giuffrida, http://pbs.twimg.com/profile_images/457296569046687744/4KOBhNqH_200x200.jpeg
191,Sylvie_Goddyn, http://pbs.twimg.com/profile_images/746407923383934976/46Le3mId_200x200.jpg
192,CharlesGoerens, http://pbs.twimg.com/profile_images/697708378194386944/NjYZEroK_200x200.jpg
193,brunogollnisch, http://pbs.twimg.com/profile_images/677511033393647617/FM2HHTjB_200x200.jpg
194,AnaGomesMEP, http://pbs.twimg.com/profile_images/344513261577600759/b828911f09b5472f6927a5d7b12a6bc0_200x200.jpeg
195,TaniaGonzalezPs, http://pbs.twimg.com/profile_images/841951088303566852/V8_9lKhr_200x200.jpg
196,gonzalezpons, http://pbs.twimg.com/profile_images/2827981100/23b4bb21f34f039192297ae02de961bb_200x200.jpeg
197,BeataGosiewska, http://pbs.twimg.com/profile_images/3342899401/d913fcedd32a7c08582cd438ad854dc7_200x200.jpeg
198,GoulardSylvie, http://pbs.twimg.com/profile_images/469835654356926465/QI5gySRn_200x200.jpeg
199,MJRLdeGraaff, http://pbs.twimg.com/profile_images/737992533750517762/19R2H_Ep_200x200.jpg
200,MariaGrapini, http://pbs.twimg.com/profile_images/684037122530131969/j_FOWUVP_200x200.jpg
201,inge_graessle, http://pbs.twimg.com/profile_images/1676952275/20110509_Ingeborg_GRASSLE_Portraits_022_homepage_200x200.jpg
202,TheresaMEP, http://pbs.twimg.com/profile_images/855023049019711489/WAzggEJh_200x200.jpg
203,IvetaGrigule, http://pbs.twimg.com/profile_images/448889581035732993/TEiXAarE_200x200.jpeg
204,GrosseteteF, http://pbs.twimg.com/profile_images/776044712897773569/I0MacX08_200x200.jpg
205,GrzybAndrzej, http://pbs.twimg.com/profile_images/850486553700958209/wxgnvWGr_200x200.jpg
206,gualtierieurope, http://pbs.twimg.com/profile_images/466148421095522304/AsYm5iw__200x200.jpeg
207,sylvieguillaume, http://pbs.twimg.com/profile_images/803154128088236032/qcZxxWzw_200x200.jpg
208,TonyGuoga, http://pbs.twimg.com/profile_images/667642465659150336/x6eBMIvh_200x200.jpg
209,JytteGuteland, http://pbs.twimg.com/profile_images/450573686748512256/dKdjt7Cm_200x200.jpeg
210,Sergio_GP, http://pbs.twimg.com/profile_images/804401850845954052/LCZHhH3P_200x200.jpg
211,thadjigeorgiou, http://pbs.twimg.com/profile_images/607558996677922816/Rex8V1Ed_200x200.jpg
212,Halla_aho, http://pbs.twimg.com/profile_images/1211293771/halla-aho_200x200.jpg
213,thaendel, http://pbs.twimg.com/profile_images/731153897050492928/bB5qG_Cz_200x200.jpg
214,DanielJHannan, http://pbs.twimg.com/profile_images/713039407415209985/m09ripM-_200x200.jpg
215,MarianHarkin, http://pbs.twimg.com/profile_images/603125599650062336/GOdemBQJ_200x200.png
216,RebHarms, http://pbs.twimg.com/profile_images/378800000855305851/d3cfcd790ca048992d11184bb8ef1499_200x200.jpeg
217,MartinHaeusling, http://pbs.twimg.com/profile_images/477624290/MH4twitter_200x200.jpg
218,HeidiHautala, http://pbs.twimg.com/profile_images/666262823316623360/JEitUZXh_200x200.jpg
219,brianhayesMEP, http://pbs.twimg.com/profile_images/510336085998587905/N41aGK4__200x200.jpeg
220,anjahazekamp, http://pbs.twimg.com/profile_images/839096317376933890/YZFyDFUy_200x200.jpg
221,AnnaHedh, http://pbs.twimg.com/profile_images/784398781831716864/cJWw7jkw_200x200.jpg
222,RogerHelmerMEP, http://pbs.twimg.com/profile_images/2878277079/6b62003be31b0424689108521314ffee_200x200.jpeg
223,HansOlafHenkel, http://pbs.twimg.com/profile_images/824303564818444288/8bBD2ZyM_200x200.jpg
224,Hetman_K, http://pbs.twimg.com/profile_images/747767288447770624/lf3wsbKE_200x200.jpg
225,MariaHeubuch, http://pbs.twimg.com/profile_images/649609097218760704/d8qjsbuA_200x200.png
226,ghokmark, http://pbs.twimg.com/profile_images/1859879219/Twitter_200x200.jpg
227,maryhoneyball, http://pbs.twimg.com/profile_images/783345858377031680/fVGy5h7d_200x200.jpg
228,MikeHookemMEP, assets/img/profiles/MikeHookemMEP_prof_img.jpg
229,BriceHortefeux, http://pbs.twimg.com/profile_images/832174786931474432/4PNhQzVc_200x200.jpg
230,danutahuebner, http://pbs.twimg.com/profile_images/846398229499596800/mUrjua-d_200x200.jpg
231,hudghtonmepSNP, http://pbs.twimg.com/profile_images/849627254074355712/FN4tT3jX_200x200.jpg
232,jhuitema, http://pbs.twimg.com/profile_images/593338413593550848/lWBa4Eqz_200x200.jpg
233,SophieintVeld, http://pbs.twimg.com/profile_images/845267685088940032/E7thaNYC_200x200.jpg
234,carlositurgaiz, http://pbs.twimg.com/profile_images/464008967404793858/Y_2f9hrL_200x200.jpeg
235,Catalin_Ivan, http://pbs.twimg.com/profile_images/511921622316761088/QDkq3hUV_200x200.jpeg
236,Jaakonsaari, http://pbs.twimg.com/profile_images/180925059/2009_Liisa_5_99T0955ter_web_200x200.jpg
237,jaatteenmaki, http://pbs.twimg.com/profile_images/1815061176/Twitter_photo_200x200.JPG
238,yjadot, http://pbs.twimg.com/profile_images/856200749163872257/bxZ-l1fZ_200x200.jpg
239,peter_jahr, http://pbs.twimg.com/profile_images/581140184034623488/8shggKik_200x200.jpg
240,IvanJakovcic, http://pbs.twimg.com/profile_images/3208383508/644741d767f59249ad9ba34217c6ad87_200x200.jpeg
241,JFJalkh, http://pbs.twimg.com/profile_images/737295092902428672/Yb3TgJFz_200x200.jpg
242,DianeJamesMEP, http://pbs.twimg.com/profile_images/776791128947486720/-YI2LXIq_200x200.jpg
243,RJaureguiA, http://pbs.twimg.com/profile_images/590865982954016768/1btlQYtv_200x200.png
244,javorbenedek, http://pbs.twimg.com/profile_images/527765730272346112/Syi4fAIc_200x200.jpeg
245,DJazlowiecka, http://pbs.twimg.com/profile_images/462169296987103232/1653byF-_200x200.jpeg
246,JezekCZ, http://pbs.twimg.com/profile_images/812002137374945281/nd1puttO_200x200.jpg
247,TeresaJBecerril, http://pbs.twimg.com/profile_images/1641826814/168604_161359797247699_100001210405911_387202_572251_n_200x200.jpg
248,EvaJoly, http://pbs.twimg.com/profile_images/2045044335/Eva-Joly-2012---affiche-officielle-square2_200x200.png
249,DdJong, http://pbs.twimg.com/profile_images/452133389869383681/ucIGclq9_200x200.png
250,a_jongerius, http://pbs.twimg.com/profile_images/436492147030634497/UFGEwYTT_200x200.png
251,MarcJoulaud, http://pbs.twimg.com/profile_images/532540017529212928/msJJFuNT_200x200.jpeg
252,Josu_Juaristi, http://pbs.twimg.com/profile_images/528111752202817536/f2cW_HF7_200x200.jpeg
253,marekjurek, http://pbs.twimg.com/profile_images/469430637850411009/ZPFDYfiF_200x200.jpeg
254,philippejuvin, http://pbs.twimg.com/profile_images/812251419713671168/vPdD_B2n_200x200.jpg
255,EvaKaili, http://pbs.twimg.com/profile_images/615881446927024128/xrv6sNbg_200x200.jpg
256,kajakallas, http://pbs.twimg.com/profile_images/592643424685314049/E8UB9QaF_200x200.jpg
257,Kalniete, http://pbs.twimg.com/profile_images/378800000794057076/7d19ad0f4c5044e5c4d5c9a3cab1864f_200x200.jpeg
258,SyedKamall, http://pbs.twimg.com/profile_images/639520375911616512/ufcIdF5Z_200x200.jpg
259,othmar_karas, http://pbs.twimg.com/profile_images/524275302675922944/SkHkdGIO_200x200.jpeg
260,rinakari, http://pbs.twimg.com/profile_images/706954225536917504/rPi1qePH_200x200.jpg
261,SHKMEP, http://pbs.twimg.com/profile_images/755172033709928448/nAzRfuWK_200x200.jpg
262,krisjaniskarins, http://pbs.twimg.com/profile_images/828991832419872769/4YQCMhMi_200x200.jpg
263,profKarski, http://pbs.twimg.com/profile_images/458016607558569984/7SSu38bq_200x200.jpeg
264,KaufmannSylvia, http://pbs.twimg.com/profile_images/430413302632816641/xOQ6sXQJ_200x200.jpeg
265,M_Kefalogiannis, http://pbs.twimg.com/profile_images/559688082513866753/TsLmkgpU_200x200.jpeg
266,KellerHonza, http://pbs.twimg.com/profile_images/487254656062464001/44zq2lXh_200x200.jpeg
267,SkaKeller, http://pbs.twimg.com/profile_images/657455883149025280/eLFRRpRH_200x200.jpg
268,SeanKellyMEP, http://pbs.twimg.com/profile_images/586095857549869056/IqbmJYoK_200x200.png
269,Jude_KD, http://pbs.twimg.com/profile_images/746614962886443008/QKw4JuFE_200x200.jpg
270,JeppeKofod, http://pbs.twimg.com/profile_images/378800000379764481/4f962ec599abb105aadf03bd77174430_200x200.jpeg
271,KohlicekJaromir, http://pbs.twimg.com/profile_images/714774053777747968/TGkS-ZbF_200x200.jpg
272,Bernd_Koelmel, http://pbs.twimg.com/profile_images/718039806350069760/nmqxPXlG_200x200.jpg
273,Konecna_K, http://pbs.twimg.com/profile_images/832176255609032706/HzUUJj9D_200x200.jpg
274,korwinmikke, http://pbs.twimg.com/profile_images/1392618613/korwin-mikke_200x200.png
275,adamkosamep, http://pbs.twimg.com/profile_images/378800000756212112/001896be1db02ffe5fc15a8106cc09fe_200x200.jpeg
276,ElliKoestinger, http://pbs.twimg.com/profile_images/2957977051/e8b6829ea5520b4173cc5f0a6230128e_200x200.png
277,SteliosKoul, http://pbs.twimg.com/profile_images/569257784554700800/1ftfi_kQ_200x200.png
278,andreykovatchev, http://pbs.twimg.com/profile_images/3519651984/27511f7487996dcc5bf56a737221b07b_200x200.jpeg
279,AKRajewicz, http://pbs.twimg.com/profile_images/712934205513142272/3SES6xNi_200x200.jpg
280,ZdzKrasnodebski, http://pbs.twimg.com/profile_images/843927771877392384/lbarvpG7_200x200.jpg
281,ConstanzeKrehl, http://pbs.twimg.com/profile_images/441190745840422914/Bq4NcGNl_200x200.jpeg
282,BarbaraKudrycka, http://pbs.twimg.com/profile_images/660536012129640448/HGBwcGBD_200x200.jpg
283,WernerKuhnMdEP, http://pbs.twimg.com/profile_images/1338398936/Presse_Werner_Kuhn_200x200.jpg
284,EduardKukan, http://pbs.twimg.com/profile_images/844593383079395328/ClsL-ARr_200x200.jpg
285,miapetrakumpula, http://pbs.twimg.com/profile_images/851754374057611264/lDqTmJFU_200x200.jpg
286,kkuneva, http://pbs.twimg.com/profile_images/801070804523950080/HjM7EygW_200x200.jpg
287,ZbigniewKuzmiuk, http://pbs.twimg.com/profile_images/810925979061329920/UWjxPFgr_200x200.jpg
288,ckyenge, http://pbs.twimg.com/profile_images/575062648426909696/ldrZqOiS_200x200.jpeg
289,KyllonenMerja, http://pbs.twimg.com/profile_images/782845419772637185/o7WobwYV_200x200.jpg
290,GiorgosKyrtsos, http://pbs.twimg.com/profile_images/2582127664/z76e09ow6xckkcicxelr_200x200.jpeg
291,ilhankyuchyuk, http://pbs.twimg.com/profile_images/747685974633750528/DZWFA63j_200x200.jpg
292,ALamassoure, http://pbs.twimg.com/profile_images/643729352560132096/TuVFGOjE_200x200.jpg
293,GreenJeanMEP, http://pbs.twimg.com/profile_images/735399008458412032/UlKnWmtU_200x200.jpg
294,ph_lamberts, http://pbs.twimg.com/profile_images/856499139970027520/uSy5l8Sf_200x200.jpg
295,Lambsdorff, http://pbs.twimg.com/profile_images/449133810290933760/8JRWYdpF_200x200.jpeg
296,berndlange, http://pbs.twimg.com/profile_images/753562292634157056/PDwJ5C6E_200x200.jpg
297,Esther_de_Lange, http://pbs.twimg.com/profile_images/591508185703288832/tHR3jr3j_200x200.jpg
298,langen_werner, http://pbs.twimg.com/profile_images/446208477673697281/zNNEs0ld_200x200.jpeg
299,LauristinMarju, http://pbs.twimg.com/profile_images/583560083369517056/WxH6tpnR_200x200.jpg
300,giovannilavia, http://pbs.twimg.com/profile_images/831801648246820864/TlOsub0f_200x200.jpg
301,jlavrilleux, http://pbs.twimg.com/profile_images/378800000510169620/c3c314d6b6645795d54d4694e73e9a3c_200x200.jpeg
302,Gilles_Lebreton, http://pbs.twimg.com/profile_images/746407599759822848/cYXAuhfa_200x200.jpg
303,PatrickLeHyaric, http://pbs.twimg.com/profile_images/3257050463/8f371c3e42cd1984889fb3ce81d1301b_200x200.jpeg
304,jo_leinen, http://pbs.twimg.com/profile_images/606118143862444033/KkIM5fbl_200x200.jpg
305,jeroen_lenaers, http://pbs.twimg.com/profile_images/453876538472030208/eda1SDrI_200x200.jpeg
306,lepenjm, http://pbs.twimg.com/profile_images/656881004620193792/J5RpIYFJ_200x200.png
307,MLP_officiel, http://pbs.twimg.com/profile_images/853280204713754624/i5oIAxWk_200x200.jpg
308,J_Lewandowski, http://pbs.twimg.com/profile_images/466247541307101185/JC6XsnP9_200x200.jpeg
309,ALewerMEP, http://pbs.twimg.com/profile_images/663757676762001408/6ymhYio0_200x200.jpg
310,BLiberadzki, http://pbs.twimg.com/profile_images/3501623261/aa233e92c14f437a70ea946b8014cf27_200x200.jpeg
311,peterliese, http://pbs.twimg.com/profile_images/844581896390610944/DV8UfZ6e_200x200.jpg
312,ArneLietz, http://pbs.twimg.com/profile_images/523044133447823360/lLFMDxON_200x200.jpeg
313,blochbihler, http://pbs.twimg.com/profile_images/553560660198436864/68HEZtXH_200x200.jpeg
314,ph_loiseau, http://pbs.twimg.com/profile_images/737181751831826432/7o86wb-Q_200x200.jpg
315,Loekkegaard_MEP, http://pbs.twimg.com/profile_images/461400077873860608/-b9Qbg5U_200x200.jpeg
316,SanderLoones, http://pbs.twimg.com/profile_images/835229867763466241/Lc-gK6u3_200x200.jpg
317,fjavilopez, http://pbs.twimg.com/profile_images/833740171350781953/13HDrxvB_200x200.jpg
318,JFLopezAguilar, http://pbs.twimg.com/profile_images/733972756073582592/befzDk-V_200x200.jpg
319,palomalopezB, http://pbs.twimg.com/profile_images/854285780210069509/p75n8mwU_200x200.jpg
320,TonoEPP, http://pbs.twimg.com/profile_images/2995054044/ed2071b9a3cfda36b8684afaa37c399b_200x200.jpeg
321,BerndLucke, http://pbs.twimg.com/profile_images/828984143153360901/nJk1v5WC_200x200.jpg
322,olleludvigsson, http://pbs.twimg.com/profile_images/431508953386602496/Fr5wsYH__200x200.jpeg
323,UlrikeLunacek, http://pbs.twimg.com/profile_images/808271567998320640/3YXjYuW8_200x200.jpg
324,KrystynaLybacka, http://pbs.twimg.com/profile_images/440428007782486016/fRGyMf3x_200x200.jpeg
325,davidmcallister, http://pbs.twimg.com/profile_images/2910011969/2ab50d17f6168c9aaf7b10a6e0091eb2_200x200.jpeg
326,LindaMcAvanMEP, http://pbs.twimg.com/profile_images/755321530394050560/P53-Z2Mi_200x200.jpg
327,EmmaMcClarkin, http://pbs.twimg.com/profile_images/753132212527267840/_FGgco_-_200x200.jpg
328,MaireadMcGMEP, http://pbs.twimg.com/profile_images/685022770829373440/L8N_kqwh_200x200.jpg
329,PetrMachMEP, http://pbs.twimg.com/profile_images/468779591549452289/VcUzVBBw_200x200.jpeg
330,anthea_mcintyre, http://pbs.twimg.com/profile_images/378800000025548554/6ffada2168ecc32ed3dbfbb736d712b2_200x200.jpeg
331,MonicaMacovei1, http://pbs.twimg.com/profile_images/671742565759123456/VNpKHll5_200x200.jpg
332,VickyMaeijer, http://pbs.twimg.com/profile_images/560394405178515456/DLSErWm__200x200.jpeg
333,MaleticIvana, http://pbs.twimg.com/profile_images/378800000082259835/b35b857085bde27c7d94556da2267390_200x200.jpeg
334,SvMalinov, http://pbs.twimg.com/profile_images/488657953608568832/M4FwI0jF_200x200.jpeg
335,curziomaltesetw, http://pbs.twimg.com/profile_images/486939085227847680/79kOY1qV_200x200.jpeg
336,AndrejsMamikins, http://pbs.twimg.com/profile_images/750954476450750469/Q1JE7oit_200x200.jpg
337,RamonaManescu, http://pbs.twimg.com/profile_images/775343385402048512/G5_stTFn_200x200.jpg
338,fmarcellesi, http://pbs.twimg.com/profile_images/724524281510682624/hQ-Qcks6_200x200.jpg
339,Notis_Marias, http://pbs.twimg.com/profile_images/3437177115/0db0093c52d04850c094561e36192aa4_200x200.jpeg
340,MarianMarinescu, http://pbs.twimg.com/profile_images/630434344/untitled2_200x200.bmp
341,marinhoepinto, http://pbs.twimg.com/profile_images/1111934234/Marinho_e_Pinto_3_200x200.jpg
342,davidmartinmep, http://pbs.twimg.com/profile_images/752518257966456832/KWQdLF_7_200x200.jpg
343,DMartinFN, http://pbs.twimg.com/profile_images/536896131263766528/OfnuA59I_200x200.jpeg
344,edouardmartinEU, http://pbs.twimg.com/profile_images/512151080193769472/v830sCTB_200x200.jpeg
345,fulviomartuscie, http://pbs.twimg.com/profile_images/667315951151419393/-X6ZXvbY_200x200.jpg
346,mmatias_, http://pbs.twimg.com/profile_images/768948359344300032/JRBsbu0Z_200x200.jpg
347,GabrielMatoA, http://pbs.twimg.com/profile_images/3559190157/740d8a487082801d3a9a341c6bde7aaf_200x200.jpeg
348,stefanomaullu, http://pbs.twimg.com/profile_images/676302342053076992/ATqGX5xp_200x200.jpg
349,emmanuelmaurel, http://pbs.twimg.com/profile_images/378800000685426062/7a1490dc39fce7cdba35e17d6b51adce_200x200.jpeg
350,alexlmayer, http://pbs.twimg.com/profile_images/701804280513060864/0kbNOqPn_200x200.png
351,georgmayermep, http://pbs.twimg.com/profile_images/577400935825059840/1EtyyW_V_200x200.jpeg
352,ValentinasMazu1, http://pbs.twimg.com/profile_images/634660576132595712/OAge-UKo_200x200.jpg
353,gesine_meissner, http://pbs.twimg.com/profile_images/447042613913198592/F8iomOtX_200x200.jpeg
354,JLMelenchon, http://pbs.twimg.com/profile_images/846345918710460416/6_IxAsw9_200x200.jpg
355,JoelleMelinFN, http://pbs.twimg.com/profile_images/849278188366815233/HqOAuSjv_200x200.jpg
356,NunoMeloCDS, http://pbs.twimg.com/profile_images/529291850696245249/xMJbpOxb_200x200.jpeg
357,MrMesserschmidt, http://pbs.twimg.com/profile_images/2905667464/e889c172dc2cc26258c7c37e22277c3c_200x200.jpeg
358,MeszericsT, http://pbs.twimg.com/profile_images/3361201216/efbe0e211acbeffc6e855082b04c0559_200x200.jpeg
359,RobertaMetsola, http://pbs.twimg.com/profile_images/779609345109725184/8TP28niQ_200x200.jpg
360,LouisMichel, http://pbs.twimg.com/profile_images/571360643437969408/jJdMLtqf_200x200.jpeg
361,martina_michels, http://pbs.twimg.com/profile_images/624941210042527744/0zkx-uVJ_200x200.jpg
362,miromikolasik, http://pbs.twimg.com/profile_images/3176560752/6cc3f76539aadbdbeaf80f2a534110df_200x200.jpeg
363,MatthijsvMilt, http://pbs.twimg.com/profile_images/424499475093004288/n5tqZnJs_200x200.jpeg
364,AnneMarieMineur, http://pbs.twimg.com/profile_images/794915143108935680/dpg_wo68_200x200.jpg
365,MarleneMizzi, http://pbs.twimg.com/profile_images/483989344164646912/GjLpPcDx_200x200.jpeg
366,AngelikaMlinar, http://pbs.twimg.com/profile_images/786475596608106497/bfHhmyry_200x200.jpg
367,GiuliaMoi_M5S, http://pbs.twimg.com/profile_images/553226873400881152/thdjqAfl_200x200.png
368,sorinmoisa, http://pbs.twimg.com/profile_images/482917072674889728/vDT6EWt3_200x200.jpeg
369,bernard_monot, http://pbs.twimg.com/profile_images/755317045672247297/YX6qjRuZ_200x200.jpg
370,cmonteiroaguiar, http://pbs.twimg.com/profile_images/455857633581608960/G5y94ZsT_200x200.jpeg
371,ClareMoodyMEP, http://pbs.twimg.com/profile_images/794119147126976512/04xd7-uM_200x200.jpg
372,ClaudeMoraesMEP, http://pbs.twimg.com/profile_images/789310708777259009/1jwX9Bft_200x200.jpg
373,nadine__morano, http://pbs.twimg.com/profile_images/434272818201497600/r85ViTYs_200x200.jpeg
374,luigi_morgano, http://pbs.twimg.com/profile_images/528244380482535424/WQQw0uEw_200x200.png
375,emorinchartier, http://pbs.twimg.com/profile_images/806169590187360257/k961f-pv_200x200.jpg
376,alessiamosca, http://pbs.twimg.com/profile_images/566165382268866560/09W_sWtU_200x200.jpeg
377,UliMuellerMdEP, http://pbs.twimg.com/profile_images/842312174320140289/FzTc5WK3_200x200.jpg
378,SMuresan, http://pbs.twimg.com/profile_images/446686323483492352/9bV_5-Cu_200x200.jpeg
379,RenaudMuselier, http://pbs.twimg.com/profile_images/804255271392514049/74hBK9ph_200x200.jpg
380,Ale_Mussolini_, http://pbs.twimg.com/profile_images/460367842177601536/niqZt6BN_200x200.jpeg
381,NagyJozsefEU, http://pbs.twimg.com/profile_images/575950378409201664/F7_aHDqq_200x200.jpeg
382,negrescuvictor, http://pbs.twimg.com/profile_images/845317222084042752/wSM11NfG_200x200.jpg
383,momchilnekov, http://pbs.twimg.com/profile_images/522889403056668673/QESq0BYP_200x200.jpeg
384,JNicholsonMEP, http://pbs.twimg.com/profile_images/801023444292894721/Nfn091b-_200x200.jpg
385,ANiebler, http://pbs.twimg.com/profile_images/2728786166/765c14c4b3e268858f8bf9e58c178b1c_200x200.jpeg
386,LudekNie, http://pbs.twimg.com/profile_images/598073657412354048/zRQ9XQDH_200x200.jpg
387,NiedermullerMEP, http://pbs.twimg.com/profile_images/534768433334718464/l6UP1ZXn_200x200.jpeg
388,CvNieuwenhuizen, http://pbs.twimg.com/profile_images/773148756086779905/A6jDvpJK_200x200.jpg
389,jensni, http://pbs.twimg.com/profile_images/458875690037682177/AX2WKa2P_200x200.jpeg
390,LiadhNiRiadaMEP, http://pbs.twimg.com/profile_images/735402162822520832/w9FMw_nT_200x200.jpg
391,LvNistelrooij, http://pbs.twimg.com/profile_images/595952066746540032/3SxZcuzK_200x200.jpg
392,AndreyNovakov, http://pbs.twimg.com/profile_images/777960258102755328/YE7ZZfUd_200x200.jpg
393,paulnuttallukip, http://pbs.twimg.com/profile_images/806612904833351683/4vgckcBt_200x200.jpg
394,franzobermayr, http://pbs.twimg.com/profile_images/2162179093/96981_200x200.jpg
395,oflynnmep, http://pbs.twimg.com/profile_images/1149385684/patrick_oflynn_200x200.jpg
396,JanOlbrycht, http://pbs.twimg.com/profile_images/479188476831596544/4vaJSWTs_200x200.png
397,younousomarjee, http://pbs.twimg.com/profile_images/591912647941062656/DEVg0SF1_200x200.jpg
398,biuroposelskie, http://pbs.twimg.com/profile_images/2987797709/c4872d4d1e0ef6b92ebb66e61ecc4355_200x200.jpeg
399,Pabriks, http://pbs.twimg.com/profile_images/460743334042935297/MTQvC4Qe_200x200.jpeg
400,Urmaspaet, http://pbs.twimg.com/profile_images/750676627110105088/my13v9OE_200x200.jpg
401,maitepagaza, http://pbs.twimg.com/profile_images/649257262750429184/fJrkqq8V_200x200.png
402,RolandasPaksas, http://pbs.twimg.com/profile_images/1425953086/pakso_foto_200x200.jpg
403,AntonioPanzeri, http://pbs.twimg.com/profile_images/705840346102702082/fuAta_Ny_200x200.jpg
404,MassimoPaolucc6, http://pbs.twimg.com/profile_images/669928147220041728/PL12v0IU_200x200.jpg
405,DemPapadakis, http://pbs.twimg.com/profile_images/783945939576815616/Y4x0hSJa_200x200.jpg
406,papadimoulis, http://pbs.twimg.com/profile_images/527813822388527106/jXoqG8oL_200x200.jpeg
407,gillespargneaux, http://pbs.twimg.com/profile_images/378800000082286778/72ceea1c4d4c2ac16647e690cdbd257e_200x200.jpeg
408,MargotLJParker, http://pbs.twimg.com/profile_images/567002451304120320/wpo6YwSY_200x200.jpeg
409,PatricielloAldo, http://pbs.twimg.com/profile_images/557556940218195968/M8M3fJn__200x200.jpeg
410,PavelEmilian, http://pbs.twimg.com/profile_images/557453240888209408/YmBtzboX_200x200.jpeg
411,PediciniM5S, http://pbs.twimg.com/profile_images/738779924492918785/XxdKNzQp_200x200.jpg
412,Vincent_Peillon, http://pbs.twimg.com/profile_images/818128465228660737/WiATrnRX_200x200.jpg
413,lojzepeterle, http://pbs.twimg.com/profile_images/750260459299860480/GbQ_bI5A_200x200.jpg
414,mortenhelveg, http://pbs.twimg.com/profile_images/587953955793199104/wLRQd33i_200x200.png
415,marijana_petir, http://pbs.twimg.com/profile_images/638976416198098944/TTWi22Cq_200x200.jpg
416,f_philippot, http://pbs.twimg.com/profile_images/804775545347121152/whJKdgsu_200x200.jpg
417,pinapic, http://pbs.twimg.com/profile_images/816001491005751297/APCxm-Ux_200x200.jpg
418,TPicula, http://pbs.twimg.com/profile_images/1371290276/Twitter_200x200.jpg
419,markuspieperMEP, http://pbs.twimg.com/profile_images/557479172256194561/6F1rsS4X_200x200.jpeg
420,spietikainen, http://pbs.twimg.com/profile_images/422714405315284992/0Jgz9dqU_200x200.jpeg
421,KatiPiri, http://pbs.twimg.com/profile_images/787279597616365568/L_RwPg6c_200x200.jpg
422,giannipittella, http://pbs.twimg.com/profile_images/821627962449657857/kQZAUC2L_200x200.jpg
423,pavelpoc, http://pbs.twimg.com/profile_images/537239629917728769/UypIHBmd_200x200.jpeg
424,PocheMEP, http://pbs.twimg.com/profile_images/671720404344549378/oUUFzEVX_200x200.jpg
425,SalvoPogliese, http://pbs.twimg.com/profile_images/2556144424/xz4p0cpc4491kxb4m5uf_200x200.jpeg
426,stanislavpolcak, http://pbs.twimg.com/profile_images/449288901199278080/GkyiN7gA_200x200.jpeg
427,mauriceponga, http://pbs.twimg.com/profile_images/745315924723392512/DoMlAkLk_200x200.jpg
428,TomaszPoreba, http://pbs.twimg.com/profile_images/378800000812069682/f1ebd6e638bbec5f96aa145469e2e38a_200x200.jpeg
429,Pospisil_Jiri, http://pbs.twimg.com/profile_images/457571993152262144/jvE4Hp1h_200x200.jpeg
430,SorayaPostFi, http://pbs.twimg.com/profile_images/481168965771599872/uP4U0vmA_200x200.jpeg
431,CDPreda, http://pbs.twimg.com/profile_images/423202653821079552/WMP0DnQM_200x200.jpeg
432,MarcusPretzell, http://pbs.twimg.com/profile_images/811910109312020480/Iraylidk_200x200.jpg
433,GabrielePreuss, http://pbs.twimg.com/profile_images/847082455257546753/ux_WsrKc_200x200.jpg
434,JProcterMEP, http://pbs.twimg.com/profile_images/820978429810065408/LytcNnky_200x200.jpg
435,franckproust, http://pbs.twimg.com/profile_images/754066445051502592/3Q9bEhSJ_200x200.jpg
436,CarolinaPunset, http://pbs.twimg.com/profile_images/848883810079059969/QE68-EvX_200x200.jpg
437,GQuisthoudt, http://pbs.twimg.com/profile_images/573481180164554754/XSzcrC_j_200x200.jpeg
438,Emil_Radev, http://pbs.twimg.com/profile_images/580061743612723200/MiQvu3P2_200x200.jpg
439,jozorados, http://pbs.twimg.com/profile_images/699963120027070464/THvRcitk_200x200.jpg
440,libertarofuturo, http://pbs.twimg.com/profile_images/705954665/foto_200x200.jpg
441,Senficon, http://pbs.twimg.com/profile_images/637016870638350336/QrtPmoul_200x200.jpg
442,VivianeRedingEU, http://pbs.twimg.com/profile_images/845210985556312064/ZtHZ9tt5_200x200.jpg
443,Evelyn_Regner, http://pbs.twimg.com/profile_images/805885323024723968/O6SclVKp_200x200.jpg
444,julia_reid, http://pbs.twimg.com/profile_images/587246721023008770/c3Vy7bUd_200x200.jpg
445,michelreimon, http://pbs.twimg.com/profile_images/831410062329516032/cANYJgrA_200x200.jpg
446,TerryReintke, http://pbs.twimg.com/profile_images/596596473552220161/36Ihhxbx_200x200.jpg
447,hreul, http://pbs.twimg.com/profile_images/794207320100245504/R6NHsldo_200x200.jpg
448,cdallonnes, http://pbs.twimg.com/profile_images/676329846092513280/ZoUdr-al_200x200.jpg
449,SofiaHRibeiro, http://pbs.twimg.com/profile_images/489456725783625728/nVrl6Em4_200x200.jpeg
450,Frederiqueries, http://pbs.twimg.com/profile_images/802134303786303490/IwR-TaWd_200x200.jpg
451,DominiqueRiquet, http://pbs.twimg.com/profile_images/849289502384414721/qfPxHdnv_200x200.jpg
452,MicheleRivasi, http://pbs.twimg.com/profile_images/799625909741506560/Ws9mxAg4_200x200.jpg
453,robertrochefort, http://pbs.twimg.com/profile_images/673772497423228929/SNYZ9d_k_200x200.jpg
454,LilianaMEP, http://pbs.twimg.com/profile_images/825395410718056448/bTLq8XGw_200x200.jpg
455,MJRodriguesEU, http://pbs.twimg.com/profile_images/629738535390707713/MSRCsChw_200x200.jpg
456,RodriguezPinero, http://pbs.twimg.com/profile_images/672536441969332226/jlWrPxMN_200x200.jpg
457,UlrikeRodust, http://pbs.twimg.com/profile_images/816281108476231680/ZEL-l7Uw_200x200.jpg
458,rohde_jens, http://pbs.twimg.com/profile_images/412863385030889472/1M57vo0j_200x200.jpeg
459,clauderolin, http://pbs.twimg.com/profile_images/509308573663240194/ZnOZeoHX_200x200.jpeg
460,BronisRopeLT, http://pbs.twimg.com/profile_images/652036363957592065/lPb5UKfg_200x200.jpg
461,DariuszRosati, http://pbs.twimg.com/profile_images/517657636268154881/vaGozkeV_200x200.jpeg
462,VRoziere, http://pbs.twimg.com/profile_images/654337215691124737/fhdMmECG_200x200.jpg
463,fernandoruas, http://pbs.twimg.com/profile_images/306894073/vpsd_200x200.png
464,PaulRuebig, http://pbs.twimg.com/profile_images/3506502604/f899ef6a0d73df42a4e5a95df0618fc1_200x200.jpeg
465,TokiaSaifi, http://pbs.twimg.com/profile_images/846360207768911872/r1HlSHbC_200x200.jpg
466,SofiaSakorafa, http://pbs.twimg.com/profile_images/473965505724678144/9E5pIChG_200x200.png
467,MaxSalini, http://pbs.twimg.com/profile_images/800236697313230848/EOpmQPoP_200x200.jpg
468,matteosalvinimi, http://pbs.twimg.com/profile_images/806080969581166592/aiStGDwt_200x200.jpg
469,LolaPodemos, http://pbs.twimg.com/profile_images/855825097973796865/__H8unMc_200x200.jpg
470,ASanderMEP, http://pbs.twimg.com/profile_images/845266650563854336/Iycih7Tv_200x200.jpg
471,SantAlfred, http://pbs.twimg.com/profile_images/378800000069039147/96a5877dbb78946fea3c92c300a0c96e_200x200.jpeg
472,DacianaSarbu, http://pbs.twimg.com/profile_images/723062364262666240/_eq6Q4iv_200x200.jpg
473,judithineuropa, http://pbs.twimg.com/profile_images/803263387346075649/jqrq6S9L_200x200.jpg
474,petrisarvamaa, http://pbs.twimg.com/profile_images/378800000605069061/73591872fff0ac05101c13104d791406_200x200.jpeg
475,JSaryuszWolski, http://pbs.twimg.com/profile_images/378800000090536279/22df2840e98938aa94065a288c5928aa_200x200.jpeg
476,DavidSassoli, http://pbs.twimg.com/profile_images/829097393421324288/kwC-zo6q_200x200.jpg
477,SaudargasA, http://pbs.twimg.com/profile_images/430566541373886464/oLiCdxFC_200x200.jpeg
478,MarietjeSchaake, http://pbs.twimg.com/profile_images/842415823293698050/RT4JFzJE_200x200.jpg
479,JLSchaffhauser, http://pbs.twimg.com/profile_images/484317029856321536/yuVRyWyo_200x200.png
480,SchaldemoseMEP, http://pbs.twimg.com/profile_images/473360811013185536/mwY6m2V8_200x200.jpeg
481,ellyesse, http://pbs.twimg.com/profile_images/758999989209051136/lzF4qDOB_200x200.jpg
482,Schmidt_Clau, http://pbs.twimg.com/profile_images/519392658632892416/jv2L5TX4_200x200.jpeg
483,HelmutScholzMEP, http://pbs.twimg.com/profile_images/603617521401470977/Y_EgDfgr_200x200.jpg
484,schopflinMEP, http://pbs.twimg.com/profile_images/456092894395248642/FA88vXMQ_200x200.jpeg
485,AnnieSchreijer, http://pbs.twimg.com/profile_images/735839302060539904/LKZY9eMP_200x200.jpg
486,MartinSchulz, http://pbs.twimg.com/profile_images/723504668308049920/Z46gDi-v_200x200.jpg
487,schulzeeuropa, http://pbs.twimg.com/profile_images/434814151295131648/fGwaUYJh_200x200.jpeg
488,Andreas_Schwab, http://pbs.twimg.com/profile_images/846347257742049281/tLkC3n5v_200x200.jpg
489,OlgaSehnalova, http://pbs.twimg.com/profile_images/1348509439/OS_200x200.JPG
490,jasenkos, http://pbs.twimg.com/profile_images/448548316725276672/fP4btE9t_200x200.jpeg
491,LidiaSenra, http://pbs.twimg.com/profile_images/662229721371926528/ICu_hpuk_200x200.jpg
492,SernagiottoRemo, http://pbs.twimg.com/profile_images/512575080291774464/YAZPQkzL_200x200.jpeg
493,JSeymourUKIP, http://pbs.twimg.com/profile_images/728321711528136706/Q1bUI_UN_200x200.jpg
494,CzSiekierski, http://pbs.twimg.com/profile_images/450992035537747968/2paMncrx_200x200.jpeg
495,PeterSimonMEP, http://pbs.twimg.com/profile_images/482458384310865920/WUJvDftZ_200x200.jpeg
496,sionsimon, http://pbs.twimg.com/profile_images/780135174570909696/EdvPntvv_200x200.jpg
497,BirgitSippelMEP, http://pbs.twimg.com/profile_images/378800000109686896/5395eafbee98f9b73ea4a63cab6caeb2_200x200.jpeg
498,BranoSkripek, http://pbs.twimg.com/profile_images/453553671997906944/IUtVYDPo_200x200.jpeg
499,DavorSkrlec, http://pbs.twimg.com/profile_images/725350212034826244/LxlWzNnd_200x200.jpg
500,AlynSmithMEP, http://pbs.twimg.com/profile_images/786934970967330816/n4YFvmHS_200x200.jpg
501,SmolkovaMonika, http://pbs.twimg.com/profile_images/432819858309263361/AbgZJxW1_200x200.jpeg
502,msojdrova, http://pbs.twimg.com/profile_images/841596066126544896/Ix1ai1ba_200x200.jpg
503,jordisolef, http://pbs.twimg.com/profile_images/692245072612560896/kALJCuBa_200x200.jpg
504,isoltesEP, http://pbs.twimg.com/profile_images/544474783027429377/0wl9iiWG_200x200.jpeg
505,MartinSonneborn, http://pbs.twimg.com/profile_images/76827414/twitter_200x200.jpg
506,renatosoru, http://pbs.twimg.com/profile_images/527122260536983553/M6ITK6Lf_200x200.png
507,MariaSpyraki, http://pbs.twimg.com/profile_images/635756130526859264/uGIa3h1-_200x200.png
508,BartStaes, http://pbs.twimg.com/profile_images/480389430608277504/B4klyzD-_200x200.jpeg
509,SergeiStanishev, http://pbs.twimg.com/profile_images/735551687730077696/ojFLUW_n_200x200.jpg
510,JStarbatty, http://pbs.twimg.com/profile_images/587541118868262912/4UIiFY0A_200x200.jpg
511,IvanStefanec, http://pbs.twimg.com/profile_images/451993806531866625/AOEn0L2G_200x200.jpeg
512,JuttaSteinruck, http://pbs.twimg.com/profile_images/855002775150874624/j13RtEmb_200x200.jpg
513,StetinaEP, http://pbs.twimg.com/profile_images/711950690579394560/9oH9NoeM_200x200.jpg
514,StevensHelga, http://pbs.twimg.com/profile_images/745155066819026946/QDLiIpHf_200x200.jpg
515,C_Stihler_MEP, http://pbs.twimg.com/profile_images/778578357986455553/FqY3ymCS_200x200.jpg
516,TheodorStolojan, http://pbs.twimg.com/profile_images/378800000798517574/64e078c74379cd21a6989476b9e522a0_200x200.jpeg
517,Beatrix_vStorch, http://pbs.twimg.com/profile_images/807956156912111616/wuhYhF1l_200x200.jpg
518,OlafStuger, http://pbs.twimg.com/profile_images/738808389518659584/y76k4iDM_200x200.jpg
519,dubravkasuica, http://pbs.twimg.com/profile_images/463593526287036416/_fTf0-7o_200x200.jpeg
520,SulikRichard, http://pbs.twimg.com/profile_images/512536376802177024/Lmu4uB3O_200x200.jpeg
521,PatricijaSulin, http://pbs.twimg.com/profile_images/822060267035066368/Ro8wCvoO_200x200.jpg
522,1PavelSvoboda, http://pbs.twimg.com/profile_images/479972402185515008/zKgq833w_200x200.jpeg
523,KaySwinburneMEP, http://pbs.twimg.com/profile_images/481350192512630784/F0ViFILn_200x200.jpeg
524,sylikiotis, http://pbs.twimg.com/profile_images/608931546834300929/xUAMyhlt_200x200.jpg
525,Synadinos_Eleft, http://pbs.twimg.com/profile_images/787251143110000640/5O-LU5hn_200x200.jpg
526,szanyitibor, http://pbs.twimg.com/profile_images/620305930/SZANYITWITTER_200x200.jpg
527,szejnfeld, http://pbs.twimg.com/profile_images/839093047967219713/dqydGPAT_200x200.jpg
528,Antonio_Tajani, http://pbs.twimg.com/profile_images/826937255482777600/SWFHvAHF_200x200.jpg
529,HTakkula, http://pbs.twimg.com/profile_images/433921624006721536/qiBlLJJL_200x200.jpeg
530,tamburrano, http://pbs.twimg.com/profile_images/782702820646531073/C6uARjlN_200x200.jpg
531,paultang, http://pbs.twimg.com/profile_images/763822763492667392/eQGMsXfe_200x200.jpg
532,CharlesTannock, http://pbs.twimg.com/profile_images/856509694826991616/6_WnpWu2_200x200.jpg
533,ClaudiaTapardel, http://pbs.twimg.com/profile_images/535452166190661632/VZrCnloU_200x200.jpeg
534,marctarabella, http://pbs.twimg.com/profile_images/910324885/marc_facebook_200x200.jpg
535,indrektarand, http://pbs.twimg.com/profile_images/183003537/2581_1061292934392_1287991962_30310591_3111060_n_200x200.jpg
536,GreenKeithMEP, http://pbs.twimg.com/profile_images/854986663587598339/BwYqVcUW_200x200.jpg
537,Telicka, http://pbs.twimg.com/profile_images/469545463478112256/PRlbFtWL_200x200.jpeg
538,jmterricabras, http://pbs.twimg.com/profile_images/608675209021751296/qeM75eAY_200x200.jpg
539,THEOCHAROUSE, http://pbs.twimg.com/profile_images/699158131641679872/Ie0oEijT_200x200.jpg
540,EUTheurer, http://pbs.twimg.com/profile_images/845187267425533953/mBtYUSkf_200x200.jpg
541,Isabel_thomasEU, http://pbs.twimg.com/profile_images/844921695127441408/TEOA0Yi4_200x200.jpg
542,rozathun, http://pbs.twimg.com/profile_images/758717067868659712/gSDlIVBQ_200x200.jpg
543,toiapatrizia, http://pbs.twimg.com/profile_images/527842488757649410/8Mt4yQfu_200x200.jpeg
544,RuzaTomasic, http://pbs.twimg.com/profile_images/797885981890318337/VH8Agdw2_200x200.jpg
545,RomanaTomc, http://pbs.twimg.com/profile_images/464513496101572608/ejfkO7ta_200x200.jpeg
546,YanaToom, http://pbs.twimg.com/profile_images/523038872515530753/pyw-4XyJ_200x200.jpeg
547,etorrespodemos, http://pbs.twimg.com/profile_images/798943974149029889/jxMibUx7_200x200.jpg
548,NilsTorvalds, http://pbs.twimg.com/profile_images/747334157970214912/4EZJb8UV_200x200.jpg
549,EvzenTosenovsky, http://pbs.twimg.com/profile_images/567270015024365568/ZxI4g1-f_200x200.jpeg
550,TrebesiusMdEP, http://pbs.twimg.com/profile_images/786002270240595968/3c9XOk6x_200x200.jpg
551,ramontremosa, http://pbs.twimg.com/profile_images/688638975234412544/wlv6uy3-_200x200.jpg
552,Troszczynski_FN, http://pbs.twimg.com/profile_images/793839711068512256/2_2_BKaO_200x200.jpg
553,HelgaTruepel, http://pbs.twimg.com/profile_images/448071799482241024/W90w9cxr_200x200.jpeg
554,turcanu2014, http://pbs.twimg.com/profile_images/834056271691120640/LGHYsc68_200x200.jpg
555,ClaudeTurmes, http://pbs.twimg.com/profile_images/841778057446842368/r59bUorq_200x200.jpg
556,kmujazdowski, http://pbs.twimg.com/profile_images/809774804714881024/fTeVUbCh_200x200.jpg
557,istvan_ujhelyi, http://pbs.twimg.com/profile_images/705012491550588931/VExseLTK_200x200.jpg
558,maritaulvskog, http://pbs.twimg.com/profile_images/460664005271355393/bGKWoKX3_200x200.jpeg
559,TraianUngureanu, http://pbs.twimg.com/profile_images/2363999605/Traian-Ungureanu_200x200.jpg
560,MiguelUrban, http://pbs.twimg.com/profile_images/724198364271792128/sO_oKFNa_200x200.jpg
561,ernesturtasun, http://pbs.twimg.com/profile_images/783627817384812545/PvbqwhNO_200x200.jpg
562,ViktorUspaskich, http://pbs.twimg.com/profile_images/1123609818/96698_200x200.jpg
563,IneseVaidere, http://pbs.twimg.com/profile_images/785799258423304193/u0VgrHh__200x200.jpg
564,ivajgl, http://pbs.twimg.com/profile_images/378800000506652022/3e7367ea6bf661c0ad7dccd44a703173_200x200.png
565,ElenaValenciano, http://pbs.twimg.com/profile_images/741021050339758080/7T_FkvUX_200x200.jpg
566,bodilvalero, http://pbs.twimg.com/profile_images/459987373296603136/VLdhvRmE_200x200.jpeg
567,MarcoValliM5S, http://pbs.twimg.com/profile_images/706747025547776000/Hg9cAMhM_200x200.jpg
568,AngelaVallina, http://pbs.twimg.com/profile_images/448074948448235520/vU2UeF-N_200x200.jpeg
569,MonikaVana, http://pbs.twimg.com/profile_images/819133027586605057/Pc65oDwq_200x200.jpg
570,anneleen_vb, http://pbs.twimg.com/profile_images/775354601738473472/bTafU0pU_200x200.jpg
571,kvanbrempt, http://pbs.twimg.com/profile_images/735414143075909632/ScyRikGr_200x200.jpg
572,tomvdkendelaere, http://pbs.twimg.com/profile_images/824171972120707072/6tZCN4Im_200x200.jpg
573,derekvaughan, http://pbs.twimg.com/profile_images/784397608513044480/BfyOO6En_200x200.jpg
574,hildevautmans, http://pbs.twimg.com/profile_images/771684818740453376/Vpj-zhb6_200x200.jpg
575,kokokansanpaavo, http://pbs.twimg.com/profile_images/1616154615/paavo-face_200x200.jpg
576,MCVergiat, http://pbs.twimg.com/profile_images/479314985135271936/hIJCgFCB_200x200.jpeg
577,sabineverheyen, http://pbs.twimg.com/profile_images/477436314468773888/h4MX-etJ_200x200.jpeg
578,GuyVerhofstadt, http://pbs.twimg.com/profile_images/740846584632606721/ZrSZYi9-_200x200.jpg
579,vilimsky, http://pbs.twimg.com/profile_images/737611499200335876/AXmSO7GU_200x200.jpg
580,danieleviotti, http://pbs.twimg.com/profile_images/618496116376621056/9CryF6u8_200x200.jpg
581,HennaVirkkunen, http://pbs.twimg.com/profile_images/745691248334409729/19MFLvLY_200x200.jpg
582,AndersVistisen, http://pbs.twimg.com/profile_images/480031557336301569/yfuN1_cl_200x200.jpeg
583,udovoigt, http://pbs.twimg.com/profile_images/889587913/Voigt_srg_200x200.jpg
584,AxelVossMdEP, http://pbs.twimg.com/profile_images/489688865188610048/tSolLvyh_200x200.jpeg
585,vozemberg, http://pbs.twimg.com/profile_images/738335954495262720/QRv48ZMU_200x200.jpg
586,WalesaMEP, http://pbs.twimg.com/profile_images/455734586530492416/JNA5ajq6_200x200.jpeg
587,julie4nw, http://pbs.twimg.com/profile_images/851744179613036544/taAghqR9_200x200.jpg
588,ManfredWeber, http://pbs.twimg.com/profile_images/849593901698691074/1hDBCQXo_200x200.jpg
589,renateweber, http://pbs.twimg.com/profile_images/565058107252826112/zELHqk07_200x200.jpeg
590,Weidenholzer, http://pbs.twimg.com/profile_images/644506785357783041/oXnLu0ok_200x200.jpg
591,MartinaWernerEU, http://pbs.twimg.com/profile_images/844832363561439233/2zXGDndO_200x200.jpg
592,WestphalKerstin, http://pbs.twimg.com/profile_images/595597708460720129/0GI2VdXM_200x200.jpg
593,LieveWierinck, http://pbs.twimg.com/profile_images/750683384431648768/PYXKL3T4_200x200.jpg
594,CeciliaWikstrom, http://pbs.twimg.com/profile_images/745644535183777792/U6p0OMDV_200x200.jpg
595,GlenisWillmott, http://pbs.twimg.com/profile_images/782898304820674560/YOK5zAyF_200x200.jpg
596,KristinaWinberg, http://pbs.twimg.com/profile_images/450629761761832960/xhWNf_fb_200x200.jpeg
597,IuliuWinkler, http://pbs.twimg.com/profile_images/661901212787335169/6qP2gtfK_200x200.jpg
598,j_wisniewska, http://pbs.twimg.com/profile_images/687558197968789504/BhOiVDYE_200x200.jpg
599,Steven_Woolfe, http://pbs.twimg.com/profile_images/851761297058394112/3Fr9DRBn_200x200.jpg
600,woelken, http://pbs.twimg.com/profile_images/819532949121040384/yblx-CRn_200x200.jpg
601,ZahradilJan, http://pbs.twimg.com/profile_images/378800000473456467/ece104a3fc08762173f62219a1469988_200x200.jpeg
602,zalaboris, http://pbs.twimg.com/profile_images/554593642283675649/tqaYNFPo_200x200.jpeg
603,Marcozanni86, http://pbs.twimg.com/profile_images/654617652384546816/zsrObhsf_200x200.jpg
604,flaviozanonato, http://pbs.twimg.com/profile_images/481925626623172608/K2cqDBKy_200x200.jpeg
605,Tatjana_Zdanoka, http://pbs.twimg.com/profile_images/3446663119/01bd2a5d69ee81f18914acb6cf995d27_200x200.jpeg
606,TomZdechovsky, http://pbs.twimg.com/profile_images/683012742010269696/--_wVzfC_200x200.jpg
607,BZdrojewski, http://pbs.twimg.com/profile_images/737891617626062849/GnvPDikA_200x200.jpg
608,joachimzeller, http://pbs.twimg.com/profile_images/231193041/zeller_200x200.jpg
609,JanuszZemke, http://pbs.twimg.com/profile_images/456726886538674177/zGe6Bzgo_200x200.jpeg
610,robertszile, http://pbs.twimg.com/profile_images/486030940100362240/o2OMyvAq_200x200.jpeg
611,GabiZimmerMEP, http://pbs.twimg.com/profile_images/456498222513405952/9K8mUAoZ_200x200.jpeg
612,DamianoZoffoli, http://pbs.twimg.com/profile_images/572087859441741824/zWJvpG8O_200x200.jpeg
613,czorrinho, http://pbs.twimg.com/profile_images/660855609974214657/BMHaK7ZD_200x200.jpg
614,ZeljanaZovko, http://pbs.twimg.com/profile_images/456885667037868032/bNUBAKOI_200x200.jpeg
615,MarcoZullo, http://pbs.twimg.com/profile_images/748502265649111040/RcOC-8kh_200x200.jpg
616,MilanZver, http://pbs.twimg.com/profile_images/827153274327486470/6mqhnyvY_200x200.jpg
617,TadeuszZwiefka, http://pbs.twimg.com/profile_images/454910718702125056/2TmpYzUF_200x200.jpeg
