SCREEN_NAME,NATIONALITY,NAME
Ladaktusson,Sweden,ADAKTUSSON Lars
Isa_Adinolfi,Italy,ADINOLFI Isabella
marcoaffronte,Italy,AFFRONTE Marco
AgeaLaura,Italy,AGEA Laura
ClaraAguilera7,Spain,AGUILERA GARCÍA Clara Eugenia
DanielaAiuto,Italy,AIUTO Daniela
Tim_Aker,United Kingdom,AKER Tim
MarinaAlbiol,Spain,ALBIOL GUZMÁN Marina
JanAlbrecht,Germany,ALBRECHT Jan Philipp
louis_aliot,France,ALIOT Louis
MAlliotMarie,France,ALLIOT-MARIE Michèle
LucyAndersonMEP,United Kingdom,ANDERSON Lucy
M_AndersonSF,United Kingdom,ANDERSON Martina
MaxAndersson,Sweden,ANDERSSON Max
EricAndrieuEU,France,ANDRIEU Eric
Andrikiene,Lithuania,ANDRIKIENĖ Laima Liucija
androulakisnick,Greece,ANDROULAKIS Nikos
gannemans,Belgium,ANNEMANS Gerolf
Mariearenaps,Belgium,ARENA Maria
PASCALARIMONT,Belgium,ARIMONT Pascal
MCArnautu,France,ARNAUTU Marie-Christine
JonathanArnott,United Kingdom,ARNOTT Jonathan
JeanArthuis,France,ARTHUIS Jean
RichardAshMEP,United Kingdom,ASHWORTH Richard
Janice4Brexit,United Kingdom,ATKINSON Janice
MargreteAuken,Denmark,AUKEN Margrete
petras_petras,Lithuania,AUŠTREVIČIUS Petras
IAyalaSender,Spain,AYALA SENDER Inés
ayuso_pilar,Spain,AYUSO Pilar
hans_van_baalen,Netherlands,BAALEN Johannes Cornelis van
BalasGuillaume,France,BALAS Guillaume
balcytis,Lithuania,BALČYTIS Zigmantas
buba0769,Germany,BALZ Burkhard
NBarekov,Bulgaria,BAREKOV Nikolay
AmjadBashirMEP,United Kingdom,BASHIR Amjad
GerardBattenMEP,United Kingdom,BATTEN Gerard
nicolasbayfn,France,BAY Nicolas
HuguesBayet,Belgium,BAYET Hugues
catherinemep,United Kingdom,BEARDER Catherine
beatrizbecerrab,Spain,BECERRA BASTERRECHEA Beatriz
beghin_t,Italy,BEGHIN Tiziana
BasBelderMEP,Netherlands,BELDER Bas
IvoBelet,Belgium,BELET Ivo
BendtEU,Denmark,BENDTSEN Bendt
brandobenifei,Italy,BENIFEI Brando
xabierbenito,Spain,BENITO ZILUAGA Xabier
PervencheBeres,France,BERÈS Pervenche
Jbergeronmep,France,BERGERON Joëlle
GoffredoBettini,Italy,BETTINI Goffredo Maria
IzaskunBilbaoB,Spain,BILBAO BARANDICA Izaskun
DominiqueBilde,France,BILDE Dominique
MalinBjork_EU,Sweden,BJÖRK Malin
pepeblancoEP,Spain,BLANCO LÓPEZ José
Franc_Bogovic,Slovenia,BOGOVIČ Franc
simonabonafe,Italy,BONAFÈ Simona
MichalBoni,Poland,BONI Michał
MarioBorghezio,Italy,BORGHEZIO Mario
borrellidavid,Italy,BORRELLI David
BiljanaBorzan,Croatia,BORZAN Biljana
VictorBostinaru,Romania,BOŞTINARU Victor
josebove,France,BOVÉ José
LNBDublin,Ireland,BOYLAN Lynn
PaulBrannenNE,United Kingdom,BRANNEN Paul
mercedesbresso,Italy,BRESSO Mercedes
renatabriano,Italy,BRIANO Renata
SteeveBriois,France,BRIOIS Steeve
ElmarBrok_MEP,Germany,BROK Elmar
Dr_KlausBuchner,Germany,BUCHNER Klaus
MEPDanielBuda,Romania,BUDA Daniel
UdoBullmann,Germany,BULLMANN Udo
bueti,Germany,BÜTIKOFER Reinhard
JerzyBuzek,Poland,BUZEK Jerzy
SoledadCabezon,Spain,CABEZÓN RUIZ Soledad
AlainCadec,France,CADEC Alain
EnriqueCalvet,Spain,CALVET CHAMBON Enrique
WimvandeCamp,Netherlands,CAMP Wim van de
DCBMEP,United Kingdom,CAMPBELL BANNERMAN David
NicolaCaputo,Italy,CAPUTO Nicola
mattcarthy,Ireland,CARTHY Matt
JamesJimCarver,United Kingdom,CARVER James
DavidCasaMEP,Malta,CASA David
caspary,Germany,CASPARY Daniel
FMCastaldo,Italy,CASTALDO Fabio Massimo
delcastillop,Spain,CASTILLO VERA Pilar del
JeanMarieCAVADA,France,CAVADA Jean-Marie
L_Cesa,Italy,CESA Lorenzo
charanzova,Czech Republic,CHARANZOVÁ Dita
a_chauprade,France,CHAUPRADE Aymeric
NChildersMEP,Ireland,CHILDERS Nessa
CaterinaChinnic,Italy,CHINNICI Caterina
NikosChountis,Greece,CHOUNTIS Nikolaos
OleEU,Denmark,CHRISTENSEN Ole
LefChristoforou,Cyprus,CHRISTOFOROU Lefteris
Chrysogonos_K,Greece,CHRYSOGONOS Kostas
SalvoCicu,Italy,CICU Salvatore
AngeloCiocca,Italy,CIOCCA Angelo
Alberto_Cirio,Italy,CIRIO Alberto
DeirdreCluneMEP,Ireland,CLUNE Deirdre
DavidCoburnUKip,United Kingdom,COBURN David
CarlosCoelhoPE,Portugal,COELHO Carlos
Cofferati,Italy,COFFERATI Sergio Gaetano
Jane_CollinsMEP,United Kingdom,COLLINS Jane
comilara,Italy,COMI Lara
ComodiniCachia,Malta,COMODINI CACHIA Therese
AnnaMariaCB,Sweden,CORAZZA BILDT Anna Maria
RCorbettMEP,United Kingdom,CORBETT Richard
ignaziocorrao,Italy,CORRAO Ignazio
SilviaCostaEU,Italy,COSTA Silvia
Caninator,Spain,COUSO PERMUY Javier
cozzolino62,Italy,COZZOLINO Andrea
MepMCramer,Germany,CRAMER Michael
andicristeamep,Romania,CRISTEA Andi
csakypal,Slovakia,CSÁKY Pál
r_czarnecki,Poland,CZARNECKI Ryszard
petervdalen,Netherlands,DALEN Peter van
Miriamdalli,Malta,DALLI Miriam
ddalton40,United Kingdom,DALTON Daniel
JakopDalunde,Sweden,DALUNDE Jakop
rosadamato634,Italy,D'AMATO Rosa
SebDance,United Kingdom,DANCE Seb
VioricaDancila,Romania,DĂNCILĂ Viorica
ArnaudDanjean,France,DANJEAN Arnaud
DantiNicola,Italy,DANTI Nicola
MichelDANTIN,France,DANTIN Michel
datirachida,France,DATI Rachida
paolodecastro,Italy,DE CASTRO Paolo
Delahaye_Europe,France,DELAHAYE Angélique
AndorDeli,Hungary,DELI Andor
KarimaDelli,France,DELLI Karima
mady_delvaux,Luxembourg,DELVAUX Mady
FabioDeMasi,Germany,DE MASI Fabio
markdemesmaeker,Belgium,DEMESMAEKER Mark
IsabellaDeMonte,Italy,DE MONTE Isabella
jpdenanot,France,DENANOT Jean-Paul
gerardeprez,Belgium,DEPREZ Gérard
desarnez,France,SARNEZ Marielle de
Albert_Dess_MEP,Germany,DESS Albert
dajcstomi,Hungary,DEUTSCH Tamás
NirjDeva,United Kingdom,DEVA Nirj
M_DiaconuMEP,Romania,DIACONU Mircea
Mdlabajova,Czech Republic,DLABAJOVÁ Martina
AnnelieseDodds,United Kingdom,DODDS Anneliese
DianeDoddsMEP,United Kingdom,DODDS Diane
MEPDohrmann,Denmark,DOHRMANN Jørn
HerbertDorfmann,Italy,DORFMANN Herbert
MireilledOrnano,France,D'ORNANO Mireille
damiandraghici,Romania,DRĂGHICI Damian
IanDuncanMEP,United Kingdom,DUNCAN Ian
PDurandOfficiel,France,DURAND Pascal
Bulgaria,DZHAMBAZKI Angel
Stefan_Eck_MEP,Germany,ECK Stefan
Germany,EHLER Christian
BasEickhout,Netherlands,EICKHOUT Bas
Luxembourg,ENGEL Frank
LinneaEngstrom,Sweden,ENGSTRÖM Linnéa
EpitidGeorgios,Greece,EPITIDEIOS Georgios
Hungary,ERDŐS Norbert
ErnstCornelia,Germany,ERNST Cornelia
IsmailErtug,Germany,ERTUG Ismail
BillDudleyNorth,United Kingdom,ETHERIDGE Bill
JillEvansMEP,United Kingdom,EVANS Jill
EleonoraEvi,Italy,EVI Eleonora
tfajon,Slovenia,FAJON Tanja
Nigel_Farage,United Kingdom,FARAGE Nigel
JoseFariaMEP,Portugal,FARIA José Inácio
federley,Sweden,FEDERLEY Fredrick
MarkusFerber,Germany,FERBER Markus
JMFernandesEU,Portugal,FERNANDES José Manuel
jonasfernandez,Spain,FERNÁNDEZ Jonás
e_ferrand,France,FERRAND Edouard
LFerraraM5S,Italy,FERRARA Laura
raymondfinch,United Kingdom,FINCH Raymond
SantiagoFisas,Spain,FISAS AYXELÀ Santiago
RaffaeleFitto,Italy,FITTO Raffaele
Fjellner,Sweden,FJELLNER Christofer
lukeming,Ireland,FLANAGAN Luke Ming
MonikaFlaBenova,Slovakia,FLAŠÍKOVÁ BEŇOVÁ Monika
knufleckenstein,Germany,FLECKENSTEIN Knut
Fontana3Lorenzo,Italy,FONTANA Lorenzo
vickyford,United Kingdom,FORD Vicky
eleonoraforenza,Italy,FORENZA Eleonora
jfostermep,United Kingdom,FOSTER Jacqueline
FountoulisLampr,Greece,FOUNTOULIS Lampros
Ashleyfoxmep,United Kingdom,FOX Ashley
EugenAFreund,Austria,FREUND Eugen
GabrielMariya,Bulgaria,GABRIEL Mariya
michaelgahler,Germany,GAHLER Michael
fgambus_eu,Spain,GAMBÚS Francesc
IratxeGarper,Spain,GARCÍA PÉREZ Iratxe
EGardiazabal,Spain,GARDIAZABAL RUBIAL Eider
EGardini,Italy,GARDINI Elisabetta
enricogasbarra,Italy,GASBARRA Enrico
EuropaJens,Germany,GEIER Jens
elena_gentile,Italy,GENTILE Elena
Gerbrandy,Netherlands,GERBRANDY Gerben-Jan
Arne_Gericke,Germany,GERICKE Arne
lidiageringer,Poland,GERINGER OEDENBERG Lidia Joanna de
sven_giegold,Germany,GIEGOLD Sven
AdamGierek,Poland,GIEREK Adam
NathanGillMEP,United Kingdom,GILL Nathan
NeenaGmep,United Kingdom,GILL Neena
gimenezbarbat,Spain,GIMÉNEZ BARBAT María Teresa
juliegirling,United Kingdom,GIRLING Julie
m_giuffrida,Italy,GIUFFRIDA Michela
Sylvie_Goddyn,France,GODDYN Sylvie
CharlesGoerens,Luxembourg,GOERENS Charles
brunogollnisch,France,GOLLNISCH Bruno
AnaGomesMEP,Portugal,GOMES Ana
TaniaGonzalezPs,Spain,GONZÁLEZ PEÑAS Tania
gonzalezpons,Spain,GONZÁLEZ PONS Esteban
BeataGosiewska,Poland,GOSIEWSKA Beata
GoulardSylvie,France,GOULARD Sylvie
MJRLdeGraaff,Netherlands,GRAAFF Marcel de
MariaGrapini,Romania,GRAPINI Maria
inge_graessle,Germany,GRÄSSLE Ingeborg
ngriesbeck,France,GRIESBECK Nathalie
TheresaMEP,United Kingdom,GRIFFIN Theresa
IvetaGrigule,Latvia,GRIGULE Iveta
GrosseteteF,France,GROSSETÊTE Françoise
GrzybAndrzej,Poland,GRZYB Andrzej
gualtierieurope,Italy,GUALTIERI Roberto
sylvieguillaume,France,GUILLAUME Sylvie
TonyGuoga,Lithuania,GUOGA Antanas
JytteGuteland,Sweden,GUTELAND Jytte
Sergio_GP,Spain,GUTIÉRREZ PRIETO Sergio
thadjigeorgiou,Cyprus,HADJIGEORGIOU Takis
Halla_aho,Finland,HALLA-AHO Jussi
thaendel,Germany,HÄNDEL Thomas
DanielJHannan,United Kingdom,HANNAN Daniel
MarianHarkin,Ireland,HARKIN Marian
RebHarms,Germany,HARMS Rebecca
MartinHaeusling,Germany,HÄUSLING Martin
HeidiHautala,Finland,HAUTALA Heidi
brianhayesMEP,Ireland,HAYES Brian
anjahazekamp,Netherlands,HAZEKAMP Anja
AnnaHedh,Sweden,HEDH Anna
RogerHelmerMEP,United Kingdom,HELMER Roger
HansOlafHenkel,Germany,HENKEL Hans-Olaf
Hetman_K,Poland,HETMAN Krzysztof
MariaHeubuch,Germany,HEUBUCH Maria
MonikaHohlmeier,Germany,HOHLMEIER Monika
ghokmark,Sweden,HÖKMARK Gunnar
maryhoneyball,United Kingdom,HONEYBALL Mary
MikeHookemMEP,United Kingdom,HOOKEM Mike
BriceHortefeux,France,HORTEFEUX Brice
danutahuebner,Poland,HÜBNER Danuta Maria
hudghtonmepSNP,United Kingdom,HUDGHTON Ian
jhuitema,Netherlands,HUITEMA Jan
SophieintVeld,Netherlands,VELD Sophia in 't
carlositurgaiz,Spain,ITURGAIZ Carlos
Catalin_Ivan,Romania,IVAN Cătălin Sorin
Jaakonsaari,Finland,JAAKONSAARI Liisa
jaatteenmaki,Finland,JÄÄTTEENMÄKI Anneli
yjadot,France,JADOT Yannick
peter_jahr,Germany,JAHR Peter
IvanJakovcic,Croatia,JAKOVČIĆ Ivan
JFJalkh,France,JALKH Jean-François
DianeJamesMEP,United Kingdom,JAMES Diane
RJaureguiA,Spain,JÁUREGUI ATONDO Ramón
javorbenedek,Hungary,JÁVOR Benedek
DJazlowiecka,Poland,JAZŁOWIECKA Danuta
JezekCZ,Czech Republic,JEŽEK Petr
TeresaJBecerril,Spain,JIMÉNEZ-BECERRIL BARRIO Teresa
EvaJoly,France,JOLY Eva
DdJong,Netherlands,JONG Dennis de
a_jongerius,Netherlands,JONGERIUS Agnes
MarcJoulaud,France,JOULAUD Marc
Josu_Juaristi,Spain,JUARISTI ABAUNZ Josu
marekjurek,Poland,JUREK Marek
philippejuvin,France,JUVIN Philippe
karinkadenbach,Austria,KADENBACH Karin
EvaKaili,Greece,KAILI Eva
kajakallas,Estonia,KALLAS Kaja
Kalniete,Latvia,KALNIETE Sandra
SyedKamall,United Kingdom,KAMALL Syed
othmar_karas,Austria,KARAS Othmar
rinakari,Denmark,KARI Rina Ronja
SHKMEP,United Kingdom,KARIM Sajjad
krisjaniskarins,Latvia,KARIŅŠ Krišjānis
profKarski,Poland,KARSKI Karol
KaufmannSylvia,Germany,KAUFMANN Sylvia-Yvonne
M_Kefalogiannis,Greece,KEFALOGIANNIS Manolis
KellerHonza,Czech Republic,KELLER Jan
SkaKeller,Germany,KELLER Ska
SeanKellyMEP,Ireland,KELLY Seán
akhanmep,United Kingdom,KHAN Afzal
Jude_KD,United Kingdom,KIRTON-DARLING Jude
JeppeKofod,Denmark,KOFOD Jeppe
KohlicekJaromir,Czech Republic,KOHLÍČEK Jaromír
Bernd_Koelmel,Germany,KÖLMEL Bernd
Konecna_K,Czech Republic,KONEČNÁ Kateřina
korwinmikke,Poland,KORWIN-MIKKE Janusz
adamkosamep,Hungary,KÓSA Ádám
ElliKoestinger,Austria,KÖSTINGER Elisabeth
SteliosKoul,Greece,KOULOGLOU Stelios
kouroumbashev,Bulgaria,KOUROUMBASHEV Peter
andreykovatchev,Bulgaria,KOVATCHEV Andrey
AKRajewicz,Poland,KOZŁOWSKA-RAJEWICZ Agnieszka
ZdzKrasnodebski,Poland,KRASNODĘBSKI Zdzisław
ConstanzeKrehl,Germany,KREHL Constanze
BarbaraKudrycka,Poland,KUDRYCKA Barbara
WernerKuhnMdEP,Germany,KUHN Werner
EduardKukan,Slovakia,KUKAN Eduard
miapetrakumpula,Finland,KUMPULA-NATRI Miapetra
kkuneva,Greece,KUNEVA Kostadinka
ZbigniewKuzmiuk,Poland,KUŹMIUK Zbigniew
ckyenge,Italy,KYENGE Cécile Kashetu
KyllonenMerja,Finland,KYLLÖNEN Merja
GiorgosKyrtsos,Greece,KYRTSOS Georgios
ilhankyuchyuk,Bulgaria,KYUCHYUK Ilhan
ALamassoure,France,LAMASSOURE Alain
GreenJeanMEP,United Kingdom,LAMBERT Jean
ph_lamberts,Belgium,LAMBERTS Philippe
Lambsdorff,Germany,LAMBSDORFF Alexander Graf
berndlange,Germany,LANGE Bernd
Esther_de_Lange,Netherlands,LANGE Esther de
langen_werner,Germany,LANGEN Werner
LauristinMarju,Estonia,LAURISTIN Marju
giovannilavia,Italy,LA VIA Giovanni
jlavrilleux,France,LAVRILLEUX Jérôme
Gilles_Lebreton,France,LEBRETON Gilles
clegrip,France,LE GRIP Constance
PatrickLeHyaric,France,LE HYARIC Patrick
jo_leinen,Germany,LEINEN Jo
jeroen_lenaers,Netherlands,LENAERS Jeroen
lepenjm,France,LE PEN Jean-Marie
MLP_officiel,France,LE PEN Marine
J_Lewandowski,Poland,LEWANDOWSKI Janusz
ALewerMEP,United Kingdom,LEWER Andrew
BLiberadzki,Poland,LIBERADZKI Bogusław
peterliese,Germany,LIESE Peter
ArneLietz,Germany,LIETZ Arne
blochbihler,Germany,LOCHBIHLER Barbara
ph_loiseau,France,LOISEAU Philippe
Loekkegaard_MEP,Denmark,LØKKEGAARD Morten
SanderLoones,Belgium,LOONES Sander
Spain,LOPE FONTAGNÉ Verónica
fjavilopez,Spain,LÓPEZ Javi
JFLopezAguilar,Spain,LÓPEZ AGUILAR Juan Fernando
palomalopezB,Spain,LÓPEZ BERMEJO Paloma
TonoEPP,Spain,LÓPEZ-ISTÚRIZ WHITE Antonio
BerndLucke,Germany,LUCKE Bernd
olleludvigsson,Sweden,LUDVIGSSON Olle
UlrikeLunacek,Austria,LUNACEK Ulrike
KrystynaLybacka,Poland,ŁYBACKA Krystyna
davidmcallister,Germany,McALLISTER David
LindaMcAvanMEP,United Kingdom,McAVAN Linda
EmmaMcClarkin,United Kingdom,McCLARKIN Emma
MaireadMcGMEP,Ireland,McGUINNESS Mairead
PetrMachMEP,Czech Republic,MACH Petr
anthea_mcintyre,United Kingdom,McINTYRE Anthea
MonicaMacovei1,Romania,MACOVEI Monica
VickyMaeijer,Netherlands,MAEIJER Vicky
MaleticIvana,Croatia,MALETIĆ Ivana
SvMalinov,Bulgaria,MALINOV Svetoslav Hristov
curziomaltesetw,Italy,MALTESE Curzio
AndrejsMamikins,Latvia,MAMIKINS Andrejs
RamonaManescu,Romania,MĂNESCU Ramona Nicole
LJManscour,France,MANSCOUR Louis-Joseph
fmarcellesi,Spain,MARCELLESI Florent
Notis_Marias,Greece,MARIAS Notis
MarianMarinescu,Romania,MARINESCU Marian-Jean
marinhoepinto,Portugal,MARINHO E PINTO António
davidmartinmep,United Kingdom,MARTIN David
DMartinFN,France,MARTIN Dominique
edouardmartinEU,France,MARTIN Edouard
fulviomartuscie,Italy,MARTUSCIELLO Fulvio
BarbaraMatera,Italy,MATERA Barbara
mmatias_,Portugal,MATIAS Marisa
GabrielMatoA,Spain,MATO Gabriel
stefanomaullu,Italy,MAULLU Stefano
emmanuelmaurel,France,MAUREL Emmanuel
alexlmayer,United Kingdom,MAYER Alex
georgmayermep,Austria,MAYER Georg
ValentinasMazu1,Lithuania,MAZURONIS Valentinas
gesine_meissner,Germany,MEISSNER Gesine
JLMelenchon,France,MÉLENCHON Jean-Luc
JoelleMelinFN,France,MÉLIN Joëlle
NunoMeloCDS,Portugal,MELO Nuno
MrMesserschmidt,Denmark,MESSERSCHMIDT Morten
MeszericsT,Hungary,MESZERICS Tamás
RobertaMetsola,Malta,METSOLA Roberta
LouisMichel,Belgium,MICHEL Louis
martina_michels,Germany,MICHELS Martina
miromikolasik,Slovakia,MIKOLÁŠIK Miroslav
MatthijsvMilt,Netherlands,MILTENBURG Matthijs van
AnneMarieMineur,Netherlands,MINEUR Anne-Marie
MarleneMizzi,Malta,MIZZI Marlene
AngelikaMlinar,Austria,MLINAR Angelika
GiuliaMoi_M5S,Italy,MOI Giulia
sorinmoisa,Romania,MOISĂ Sorin
bernard_monot,France,MONOT Bernard
cmonteiroaguiar,Portugal,MONTEIRO DE AGUIAR Cláudia
Sophie_Montel,France,MONTEL Sophie
ClareMoodyMEP,United Kingdom,MOODY Clare
ClaudeMoraesMEP,United Kingdom,MORAES Claude
nadine__morano,France,MORANO Nadine
luigi_morgano,Italy,MORGANO Luigi
emorinchartier,France,MORIN-CHARTIER Elisabeth
alessiamosca,Italy,MOSCA Alessia Maria
UliMuellerMdEP,Germany,MÜLLER Ulrike
SMuresan,Romania,MUREŞAN Siegfried
RenaudMuselier,France,MUSELIER Renaud
Ale_Mussolini_,Italy,MUSSOLINI Alessandra
NagyJozsefEU,Slovakia,NAGY József
negrescuvictor,Romania,NEGRESCU Victor
momchilnekov,Bulgaria,NEKOV Momchil
JNicholsonMEP,United Kingdom,NICHOLSON James
Norica_Nicolai,Romania,NICOLAI Norica
ANiebler,Germany,NIEBLER Angelika
LudekNie,Czech Republic,NIEDERMAYER Luděk
NiedermullerMEP,Hungary,NIEDERMÜLLER Péter
CvNieuwenhuizen,Netherlands,NIEUWENHUIZEN Cora van
jensni,Sweden,NILSSON Jens
LiadhNiRiadaMEP,Ireland,NÍ RIADA Liadh
LvNistelrooij,Netherlands,NISTELROOIJ Lambert van
AndreyNovakov,Bulgaria,NOVAKOV Andrey
paulnuttallukip,United Kingdom,NUTTALL Paul
franzobermayr,Austria,OBERMAYR Franz
oflynnmep,United Kingdom,O'FLYNN Patrick
JanOlbrycht,Poland,OLBRYCHT Jan
younousomarjee,France,OMARJEE Younous
biuroposelskie,Poland,OŻÓG Stanisław
Pabriks,Latvia,PABRIKS Artis
Urmaspaet,Estonia,PAET Urmas
maitepagaza,Spain,PAGAZAURTUNDÚA RUIZ Maite
RolandasPaksas,Lithuania,PAKSAS Rolandas
AntonioPanzeri,Italy,PANZERI Pier Antonio
MassimoPaolucc6,Italy,PAOLUCCI Massimo
DemPapadakis,Cyprus,PAPADAKIS Demetris
papadimoulis,Greece,PAPADIMOULIS Dimitrios
gillespargneaux,France,PARGNEAUX Gilles
MargotLJParker,United Kingdom,PARKER Margot
ioanmirceapascu,Romania,PAŞCU Ioan Mircea
PatricielloAldo,Italy,PATRICIELLO Aldo
evapaunova,Bulgaria,PAUNOVA Eva
PavelEmilian,Romania,PAVEL Emilian
PediciniM5S,Italy,PEDICINI Piernicola
Vincent_Peillon,France,PEILLON Vincent
lojzepeterle,Slovenia,PETERLE Alojz
mortenhelveg,Denmark,PETERSEN Morten Helveg
marijana_petir,Croatia,PETIR Marijana
f_philippot,France,PHILIPPOT Florian
pinapic,Italy,PICIERNO Pina
TPicula,Croatia,PICULA Tonino
markuspieperMEP,Germany,PIEPER Markus
spietikainen,Finland,PIETIKÄINEN Sirpa
KatiPiri,Netherlands,PIRI Kati
giannipittella,Italy,PITTELLA Gianni
marek_plura,Poland,PLURA Marek
pavelpoc,Czech Republic,POC Pavel
PocheMEP,Czech Republic,POCHE Miroslav
SalvoPogliese,Italy,POGLIESE Salvatore Domenico
stanislavpolcak,Czech Republic,POLČÁK Stanislav
mauriceponga,France,PONGA Maurice
TomaszPoreba,Poland,PORĘBA Tomasz Piotr
Pospisil_Jiri,Czech Republic,POSPÍŠIL Jiří
SorayaPostFi,Sweden,POST Soraya
CDPreda,Romania,PREDA Cristian Dan
MarcusPretzell,Germany,PRETZELL Marcus
GabrielePreuss,Germany,PREUSS Gabriele
JProcterMEP,United Kingdom,PROCTER John
franckproust,France,PROUST Franck
CarolinaPunset,Spain,PUNSET Carolina
GQuisthoudt,Germany,QUISTHOUDT-ROWOHL Godelieve
Emil_Radev,Bulgaria,RADEV Emil
jozorados,Croatia,RADOŠ Jozo
libertarofuturo,Portugal,RANGEL Paulo
Senficon,Germany,REDA Julia
VivianeRedingEU,Luxembourg,REDING Viviane
Evelyn_Regner,Austria,REGNER Evelyn
julia_reid,United Kingdom,REID Julia
michelreimon,Austria,REIMON Michel
TerryReintke,Germany,REINTKE Terry
hreul,Germany,REUL Herbert
cdallonnes,France,REVAULT D'ALLONNES BONNEFOY Christine
SofiaHRibeiro,Portugal,RIBEIRO Sofia
Frederiqueries,Belgium,RIES Frédérique
DominiqueRiquet,France,RIQUET Dominique
MicheleRivasi,France,RIVASI Michèle
robertrochefort,France,ROCHEFORT Robert
LilianaMEP,Portugal,RODRIGUES Liliana
MJRodriguesEU,Portugal,RODRIGUES Maria João
RodriguezPinero,Spain,RODRÍGUEZ-PIÑERO FERNÁNDEZ Inmaculada
UlrikeRodust,Germany,RODUST Ulrike
rohde_jens,Denmark,ROHDE Jens
clauderolin,Belgium,ROLIN Claude
BronisRopeLT,Lithuania,ROPĖ Bronis
DariuszRosati,Poland,ROSATI Dariusz
VRoziere,France,ROZIÈRE Virginie
fernandoruas,Portugal,RUAS Fernando
PaulRuebig,Austria,RÜBIG Paul
TokiaSaifi,France,SAÏFI Tokia
SofiaSakorafa,Greece,SAKORAFA Sofia
MaxSalini,Italy,SALINI Massimiliano
matteosalvinimi,Italy,SALVINI Matteo
LolaPodemos,Spain,SÁNCHEZ CALDENTEY Lola
ASanderMEP,France,SANDER Anne
SantAlfred,Malta,SANT Alfred
DacianaSarbu,Romania,SÂRBU Daciana Octavia
judithineuropa,Netherlands,SARGENTINI Judith
petrisarvamaa,Finland,SARVAMAA Petri
JSaryuszWolski,Poland,SARYUSZ-WOLSKI Jacek
DavidSassoli,Italy,SASSOLI David-Maria
SaudargasA,Lithuania,SAUDARGAS Algirdas
MarietjeSchaake,Netherlands,SCHAAKE Marietje
JLSchaffhauser,France,SCHAFFHAUSER Jean-Luc
SchaldemoseMEP,Denmark,SCHALDEMOSE Christel
ellyesse,Italy,SCHLEIN Elly
Schmidt_Clau,Austria,SCHMIDT Claudia
HelmutScholzMEP,Germany,SCHOLZ Helmut
schopflinMEP,Hungary,SCHÖPFLIN György
AnnieSchreijer,Netherlands,SCHREIJER-PIERIK Annie
MartinSchulz,Germany,SCHULZ Martin
schulzeeuropa,Germany,SCHULZE Sven
Andreas_Schwab,Germany,SCHWAB Andreas
MollyScottCato,United Kingdom,SCOTT CATO Molly
OlgaSehnalova,Czech Republic,SEHNALOVÁ Olga
jasenkos,Sweden,SELIMOVIC Jasenko
LidiaSenra,Spain,SENRA RODRÍGUEZ Maria Lidia
SernagiottoRemo,Italy,SERNAGIOTTO Remo
JSeymourUKIP,United Kingdom,SEYMOUR Jill
CzSiekierski,Poland,SIEKIERSKI Czesław Adam
PeterSimonMEP,Germany,SIMON Peter
sionsimon,United Kingdom,SIMON Siôn
BirgitSippelMEP,Germany,SIPPEL Birgit
BranoSkripek,Slovakia,ŠKRIPEK Branislav
DavorSkrlec,Croatia,ŠKRLEC Davor
AlynSmithMEP,United Kingdom,SMITH Alyn
SmolkovaMonika,Slovakia,SMOLKOVÁ Monika
msojdrova,Czech Republic,ŠOJDROVÁ Michaela
jordisolef,Spain,SOLÉ I FERRANDO Jordi
isoltesEP,Slovenia,ŠOLTES Igor
MartinSonneborn,Germany,SONNEBORN Martin
renatosoru,Italy,SORU Renato
MariaSpyraki,Greece,SPYRAKI Maria
BartStaes,Belgium,STAES Bart
SergeiStanishev,Bulgaria,STANISHEV Sergei
JStarbatty,Germany,STARBATTY Joachim
IvanStefanec,Slovakia,ŠTEFANEC Ivan
JuttaSteinruck,Germany,STEINRUCK Jutta
StetinaEP,Czech Republic,ŠTĚTINA Jaromír
StevensHelga,Belgium,STEVENS Helga
C_Stihler_MEP,United Kingdom,STIHLER Catherine
TheodorStolojan,Romania,STOLOJAN Theodor Dumitru
Beatrix_vStorch,Germany,STORCH Beatrix von
OlafStuger,Netherlands,STUGER Olaf
dubravkasuica,Croatia,ŠUICA Dubravka
SulikRichard,Slovakia,SULÍK Richard
PatricijaSulin,Slovenia,ŠULIN Patricija
1PavelSvoboda,Czech Republic,SVOBODA Pavel
KaySwinburneMEP,United Kingdom,SWINBURNE Kay
sylikiotis,Cyprus,SYLIKIOTIS Neoklis
Synadinos_Eleft,Greece,SYNADINOS Eleftherios
szanyitibor,Hungary,SZANYI Tibor
szejnfeld,Poland,SZEJNFELD Adam
Antonio_Tajani,Italy,TAJANI Antonio
HTakkula,Finland,TAKKULA Hannu
tamburrano,Italy,TAMBURRANO Dario
Romania,TĂNĂSESCU Claudiu Ciprian
paultang,Netherlands,TANG Paul
CharlesTannock,United Kingdom,TANNOCK Charles
ClaudiaTapardel,Romania,ȚAPARDEL Claudia
marctarabella,Belgium,TARABELLA Marc
indrektarand,Estonia,TARAND Indrek
GreenKeithMEP,United Kingdom,TAYLOR Keith
Telicka,Czech Republic,TELIČKA Pavel
jmterricabras,Spain,TERRICABRAS Josep-Maria
THEOCHAROUSE,Cyprus,THEOCHAROUS Eleni
EUTheurer,Germany,THEURER Michael
Isabel_thomasEU,France,THOMAS Isabelle
rozathun,Poland,THUN UND HOHENSTEIN Róża Gräfin von
toiapatrizia,Italy,TOIA Patrizia
RuzaTomasic,Croatia,TOMAŠIĆ Ruža
RomanaTomc,Slovenia,TOMC Romana
YanaToom,Estonia,TOOM Yana
etorrespodemos,Spain,TORRES MARTÍNEZ Estefanía
NilsTorvalds,Finland,TORVALDS Nils
EvzenTosenovsky,Czech Republic,TOŠENOVSKÝ Evžen
TrebesiusMdEP,Germany,TREBESIUS Ulrike
ramontremosa,Spain,TREMOSA BALCELLS Ramon i
Troszczynski_FN,France,TROSZCZYNSKI Mylène
HelgaTruepel,Germany,TRÜPEL Helga
turcanu2014,Romania,ŢURCANU Mihai
ClaudeTurmes,Luxembourg,TURMES Claude
kmujazdowski,Poland,UJAZDOWSKI Kazimierz Michał
istvan_ujhelyi,Hungary,UJHELYI István
maritaulvskog,Sweden,ULVSKOG Marita
TraianUngureanu,Romania,UNGUREANU Traian
MiguelUrban,Spain,URBÁN CRESPO Miguel
ernesturtasun,Spain,URTASUN Ernest
urutchev,Bulgaria,URUTCHEV Vladimir
ViktorUspaskich,Lithuania,USPASKICH Viktor
IneseVaidere,Latvia,VAIDERE Inese
ivajgl,Slovenia,VAJGL Ivo
ElenaValenciano,Spain,VALENCIANO Elena
bodilvalero,Sweden,VALERO Bodil
MarcoValliM5S,Italy,VALLI Marco
AngelaVallina,Spain,VALLINA Ángela
MonikaVana,Austria,VANA Monika
anneleen_vb,Belgium,VAN BOSSUYT Anneleen
kvanbrempt,Belgium,VAN BREMPT Kathleen
tomvdkendelaere,Belgium,VANDENKENDELAERE Tom
derekvaughan,United Kingdom,VAUGHAN Derek
hildevautmans,Belgium,VAUTMANS Hilde
kokokansanpaavo,Finland,VÄYRYNEN Paavo
MCVergiat,France,VERGIAT Marie-Christine
sabineverheyen,Germany,VERHEYEN Sabine
GuyVerhofstadt,Belgium,VERHOFSTADT Guy
vilimsky,Austria,VILIMSKY Harald
danieleviotti,Italy,VIOTTI Daniele
HennaVirkkunen,Finland,VIRKKUNEN Henna
AndersVistisen,Denmark,VISTISEN Anders Primdahl
udovoigt,Germany,VOIGT Udo
AxelVossMdEP,Germany,VOSS Axel
vozemberg,Greece,VOZEMBERG-VRIONIDI Elissavet
WalesaMEP,Poland,WAŁĘSA Jarosław
julie4nw,United Kingdom,WARD Julie
ManfredWeber,Germany,WEBER Manfred
renateweber,Romania,WEBER Renate
Weidenholzer,Austria,WEIDENHOLZER Josef
MartinaWernerEU,Germany,WERNER Martina
WestphalKerstin,Germany,WESTPHAL Kerstin
LieveWierinck,Belgium,WIERINCK Lieve
CeciliaWikstrom,Sweden,WIKSTRÖM Cecilia
GlenisWillmott,United Kingdom,WILLMOTT Dame Glenis
KristinaWinberg,Sweden,WINBERG Kristina
IuliuWinkler,Romania,WINKLER Iuliu
j_wisniewska,Poland,WIŚNIEWSKA Jadwiga
Steven_Woolfe,United Kingdom,WOOLFE Steven
woelken,Germany,WÖLKEN Tiemo
AnnaZaborska,Slovakia,ZÁBORSKÁ Anna
ZahradilJan,Czech Republic,ZAHRADIL Jan
zalaboris,Slovakia,ZALA Boris
Marcozanni86,Italy,ZANNI Marco
flaviozanonato,Italy,ZANONATO Flavio
Tatjana_Zdanoka,Latvia,ŽDANOKA Tatjana
TomZdechovsky,Czech Republic,ZDECHOVSKÝ Tomáš
BZdrojewski,Poland,ZDROJEWSKI Bogdan Andrzej
joachimzeller,Germany,ZELLER Joachim
JanuszZemke,Poland,ZEMKE Janusz
robertszile,Latvia,ZĪLE Roberts
GabiZimmerMEP,Germany,ZIMMER Gabriele
DamianoZoffoli,Italy,ZOFFOLI Damiano
czorrinho,Portugal,ZORRINHO Carlos
ZeljanaZovko,Croatia,ZOVKO Željana
MarcoZullo,Italy,ZULLO Marco
MilanZver,Slovenia,ZVER Milan
TadeuszZwiefka,Poland,ZWIEFKA Tadeusz
